NOM;CODI;DATA_INI;DATA_FI;RESIDENCIA;IEPG_CONFIRMAT;R0_CONFIRMAT_M;IA14;TAXA_CASOS_CONFIRMAT;CASOS_CONFIRMAT;TAXA_PCR_TAR;PCR;TAR;PERC_PCR_TAR_POSITIVES;INGRESSOS_TOTAL;INGRESSOS_CRITIC;EXITUS
CATALUNYA;CATALUNYA;2020-11-02;2020-11-08;Si;;;2841.0884;1420.5442;900;16604.5836;8445;2075;10.4716;112;5;151
CATALUNYA;CATALUNYA;2020-11-02;2020-11-08;No;594.686;0.867578;685.4556;301.7109;23042;3113.2980;175816;61950;10.6273;1528;293;319
CATALUNYA;CATALUNYA;2020-11-02;2020-11-08;--;;;0.0000;0.0000;533;0.0000;3827;177;7.0064;67;14;0
CATALUNYA;CATALUNYA;2020-11-01;2020-11-07;No;619.898;0.886494;699.2697;310.1696;23688;3157.9615;179829;61348;10.7125;1566;294;321
CATALUNYA;CATALUNYA;2020-11-01;2020-11-07;--;;;0.0000;0.0000;547;0.0000;3846;166;7.0666;71;14;0
CATALUNYA;CATALUNYA;2020-11-01;2020-11-07;Si;;;2883.7047;1474.2092;934;16793.9895;8552;2088;10.6121;119;5;143
CATALUNYA;CATALUNYA;2020-10-31;2020-11-06;No;648.647;0.910991;712.0232;320.8150;24501;3225.7751;185534;60822;10.8361;1629;278;321
CATALUNYA;CATALUNYA;2020-10-31;2020-11-06;--;;;0.0000;0.0000;560;0.0000;3986;164;6.9625;74;13;0
CATALUNYA;CATALUNYA;2020-10-31;2020-11-06;Si;;;2867.9209;1455.2686;922;17591.0726;8992;2153;9.9463;117;6;155
CATALUNYA;CATALUNYA;2020-10-30;2020-11-05;--;;;0.0000;0.0000;589;0.0000;4207;158;7.0714;79;16;0
CATALUNYA;CATALUNYA;2020-10-30;2020-11-05;Si;;;3017.8672;1543.6580;978;18754.3405;9662;2220;9.5120;128;6;156
CATALUNYA;CATALUNYA;2020-10-30;2020-11-05;No;689.943;0.934416;738.3683;337.2348;25755;3307.4291;194402;58190;11.0264;1689;295;332
CATALUNYA;CATALUNYA;2020-10-29;2020-11-04;--;;;0.0000;0.0000;612;0.0000;4170;149;7.4266;85;22;0
CATALUNYA;CATALUNYA;2020-10-29;2020-11-04;Si;;;3159.9217;1423.7009;902;18089.8415;9291;2170;9.0422;129;9;138
CATALUNYA;CATALUNYA;2020-10-29;2020-11-04;No;719.526;0.942443;763.4694;348.2861;26599;3383.7668;203726;54696;11.0879;1783;347;311
CATALUNYA;CATALUNYA;2020-10-28;2020-11-03;Si;;;3368.2681;1412.6523;895;17377.9910;8909;2101;9.1520;119;9;136
CATALUNYA;CATALUNYA;2020-10-28;2020-11-03;No;743.344;0.945836;785.9124;364.0120;27800;3427.0162;210994;50731;11.2957;1799;338;290
CATALUNYA;CATALUNYA;2020-10-28;2020-11-03;--;;;0.0000;0.0000;672;0.0000;4130;139;8.1652;93;21;0
CATALUNYA;CATALUNYA;2020-10-27;2020-11-02;Si;;;3428.2467;1406.3387;891;18545.9940;10018;1732;8.6943;115;10;120
CATALUNYA;CATALUNYA;2020-10-27;2020-11-02;No;757.745;0.952464;795.5627;374.8931;28631;3441.8386;217706;45151;11.5166;1848;357;275
CATALUNYA;CATALUNYA;2020-10-27;2020-11-02;--;;;0.0000;0.0000;672;0.0000;4225;122;8.1509;94;19;0
CATALUNYA;CATALUNYA;2020-10-26;2020-11-01;No;766.629;0.965092;794.3580;383.7446;29307;3449.4200;223762;39674;11.6352;1849;355;269
CATALUNYA;CATALUNYA;2020-10-26;2020-11-01;--;;;0.0000;0.0000;700;0.0000;4307;92;8.4598;99;13;0
CATALUNYA;CATALUNYA;2020-10-26;2020-11-01;Si;;;3421.9332;1420.5442;900;18244.5230;10258;1301;9.2156;120;10;113
CATALUNYA;CATALUNYA;2020-10-25;2020-10-31;No;787.059;0.988709;796.0471;389.1000;29716;3461.3616;225077;39271;11.7893;1882;355;254
CATALUNYA;CATALUNYA;2020-10-25;2020-10-31;--;;;0.0000;0.0000;691;0.0000;4292;91;8.4930;107;16;0
CATALUNYA;CATALUNYA;2020-10-25;2020-10-31;Si;;;3366.6898;1409.4955;893;18440.2424;10404;1279;9.0964;125;10;104
CATALUNYA;CATALUNYA;2020-10-24;2020-10-30;--;;;0.0000;0.0000;696;0.0000;4114;82;8.9484;105;16;0
CATALUNYA;CATALUNYA;2020-10-24;2020-10-30;Si;;;3278.3003;1412.6523;895;18624.9131;10628;1172;9.1677;125;8;86
CATALUNYA;CATALUNYA;2020-10-24;2020-10-30;No;829.992;1.04946;790.8750;391.2081;29877;3422.7345;223361;38037;11.9336;1877;355;241
CATALUNYA;CATALUNYA;2020-10-23;2020-10-29;--;;;0.0000;0.0000;704;0.0000;3991;61;9.5774;105;16;0
CATALUNYA;CATALUNYA;2020-10-23;2020-10-29;Si;;;3142.5595;1474.2092;934;17674.7269;10481;717;10.6245;118;8;71
CATALUNYA;CATALUNYA;2020-10-23;2020-10-29;No;906.449;1.15936;781.8533;401.1334;30635;3371.3669;224214;33261;12.2791;1849;335;224
CATALUNYA;CATALUNYA;2020-10-22;2020-10-28;Si;;;3144.1378;1736.2207;1100;17548.4563;10491;627;12.6105;122;6;73
CATALUNYA;CATALUNYA;2020-10-22;2020-10-28;No;963.851;1.25069;770.6580;415.1832;31708;3332.7528;225636;28890;12.7859;1793;275;213
CATALUNYA;CATALUNYA;2020-10-22;2020-10-28;--;;;0.0000;0.0000;697;0.0000;4002;48;9.7354;109;11;0
CATALUNYA;CATALUNYA;2020-10-21;2020-10-27;Si;;;3044.6997;1955.6158;1239;17685.7756;10799;406;13.6187;121;8;63
CATALUNYA;CATALUNYA;2020-10-21;2020-10-27;No;989.212;1.3159;751.7372;421.9004;32221;3313.6356;228933;24133;13.1033;1761;269;200
CATALUNYA;CATALUNYA;2020-10-21;2020-10-27;--;;;0.0000;0.0000;657;0.0000;3874;32;9.8395;108;12;0
CATALUNYA;CATALUNYA;2020-10-20;2020-10-26;Si;;;2785.8450;2021.9079;1281;16573.0159;10165;335;14.4286;119;6;56
CATALUNYA;CATALUNYA;2020-10-20;2020-10-26;No;991.065;1.36256;727.3562;420.6695;32127;3227.3464;227205;19271;13.3662;1654;254;187
CATALUNYA;CATALUNYA;2020-10-20;2020-10-26;--;;;0.0000;0.0000;638;0.0000;3736;24;9.8414;107;14;0
CATALUNYA;CATALUNYA;2020-10-19;2020-10-25;No;942.695;1.41873;664.4660;410.6134;31359;3134.9293;226066;13352;13.1875;1617;239;167
CATALUNYA;CATALUNYA;2020-10-19;2020-10-25;--;;;0.0000;0.0000;604;0.0000;3682;17;9.5576;102;19;0
CATALUNYA;CATALUNYA;2020-10-19;2020-10-25;Si;;;2541.1957;2001.3889;1268;16543.0267;10202;279;13.7642;106;6;53
CATALUNYA;CATALUNYA;2020-10-18;2020-10-24;No;969.6;1.48259;653.9908;406.9471;31079;3123.4851;226285;12259;12.9732;1564;229;166
CATALUNYA;CATALUNYA;2020-10-18;2020-10-24;--;;;0.0000;0.0000;606;0.0000;3761;16;9.3291;97;18;0
CATALUNYA;CATALUNYA;2020-10-18;2020-10-24;Si;;;2538.0390;1957.1942;1240;16001.6415;9895;243;13.9451;97;6;50
CATALUNYA;CATALUNYA;2020-10-17;2020-10-23;--;;;0.0000;0.0000;598;0.0000;3828;15;9.1363;96;17;0
CATALUNYA;CATALUNYA;2020-10-17;2020-10-23;Si;;;2410.1900;1865.6480;1182;14540.0593;9007;205;14.3709;94;6;48
CATALUNYA;CATALUNYA;2020-10-17;2020-10-23;No;1045.55;1.63764;638.4483;399.6668;30523;3113.2457;226745;11017;12.7407;1507;219;162
CATALUNYA;CATALUNYA;2020-10-16;2020-10-22;Si;;;2159.2272;1668.3502;1057;13413.0942;8365;133;13.3756;90;5;48
CATALUNYA;CATALUNYA;2020-10-16;2020-10-22;No;986.667;1.63328;604.1028;380.7199;29076;3014.0066;222940;7243;12.5562;1446;204;142
CATALUNYA;CATALUNYA;2020-10-16;2020-10-22;--;;;0.0000;0.0000;559;0.0000;3732;11;8.6898;90;17;0
CATALUNYA;CATALUNYA;2020-10-15;2020-10-21;Si;;;1881.4319;1407.9171;892;12848.0333;8085;55;10.5953;84;4;44
CATALUNYA;CATALUNYA;2020-10-15;2020-10-21;No;915.365;1.6236;563.7865;355.4747;27148;2915.7888;218758;3924;12.0985;1381;190;132
CATALUNYA;CATALUNYA;2020-10-15;2020-10-21;--;;;0.0000;0.0000;510;0.0000;3527;5;8.6261;94;16;0
CATALUNYA;CATALUNYA;2020-10-14;2020-10-20;Si;;;1521.5607;1089.0839;690;11283.8563;7134;15;9.2055;84;2;44
CATALUNYA;CATALUNYA;2020-10-14;2020-10-20;No;819.843;1.5818;518.2981;329.8368;25190;2758.3339;209038;1619;11.6590;1306;183;118
CATALUNYA;CATALUNYA;2020-10-14;2020-10-20;--;;;0.0000;0.0000;467;0.0000;3358;2;8.2258;82;15;0
CATALUNYA;CATALUNYA;2020-10-13;2020-10-19;No;734.932;1.55066;473.9489;306.6866;23422;2583.6998;196804;516;11.0746;1281;171;108
CATALUNYA;CATALUNYA;2020-10-13;2020-10-19;--;;;0.0000;0.0000;429;0.0000;3044;0;8.2119;77;14;0
CATALUNYA;CATALUNYA;2020-10-13;2020-10-19;Si;;;1186.9436;763.9371;484;9714.9441;6149;6;7.8763;76;2;46
CATALUNYA;CATALUNYA;2020-10-12;2020-10-18;No;640.953;1.48677;431.1054;253.8525;19387;2225.9074;169757;238;11.1145;1140;150;99
CATALUNYA;CATALUNYA;2020-10-12;2020-10-18;--;;;0.0000;0.0000;341;0.0000;2582;0;8.1155;69;9;0
CATALUNYA;CATALUNYA;2020-10-12;2020-10-18;Si;;;1008.5864;539.8068;342;7781.4255;4930;0;6.9070;77;3;41
CATALUNYA;CATALUNYA;2020-10-11;2020-10-17;--;;;0.0000;0.0000;327;0.0000;2475;0;8.3503;62;8;0
CATALUNYA;CATALUNYA;2020-10-11;2020-10-17;Si;;;981.7538;580.8447;368;8062.3776;5108;0;7.2058;73;4;43
CATALUNYA;CATALUNYA;2020-10-11;2020-10-17;No;612.539;1.46702;417.5401;247.0437;18867;2189.2050;167084;108;11.0741;1095;153;96
CATALUNYA;CATALUNYA;2020-10-10;2020-10-16;Si;;;937.5591;544.5419;345;8329.1243;5277;0;6.7231;67;4;45
CATALUNYA;CATALUNYA;2020-10-10;2020-10-16;No;551.088;1.36878;402.6130;238.7814;18236;2106.6345;160886;0;11.0499;1037;154;84
CATALUNYA;CATALUNYA;2020-10-10;2020-10-16;--;;;0.0000;0.0000;304;0.0000;2373;0;7.9507;58;8;0
CATALUNYA;CATALUNYA;2020-10-09;2020-10-15;Si;;;1007.0080;490.8769;311;7625.1657;4831;0;6.4325;69;4;45
CATALUNYA;CATALUNYA;2020-10-09;2020-10-15;No;525.406;1.40951;372.7588;223.3829;17060;1990.7137;152033;0;10.8337;978;140;81
CATALUNYA;CATALUNYA;2020-10-09;2020-10-15;--;;;0.0000;0.0000;298;0.0000;2225;0;8.1032;56;7;0
CATALUNYA;CATALUNYA;2020-10-08;2020-10-14;Si;;;872.8455;473.5147;300;6670.2443;4226;0;8.2598;67;5;45
CATALUNYA;CATALUNYA;2020-10-08;2020-10-14;No;487.171;1.40564;346.5839;208.3117;15909;1855.4531;141703;0;10.5924;930;143;74
CATALUNYA;CATALUNYA;2020-10-08;2020-10-14;--;;;0.0000;0.0000;278;0.0000;2017;0;7.4701;40;6;0
CATALUNYA;CATALUNYA;2020-10-07;2020-10-13;No;453.527;1.43132;316.8606;188.4613;14393;1757.7722;134243;0;9.9980;858;131;68
CATALUNYA;CATALUNYA;2020-10-07;2020-10-13;--;;;0.0000;0.0000;243;0.0000;1887;0;6.6950;45;5;0
CATALUNYA;CATALUNYA;2020-10-07;2020-10-13;Si;;;836.5427;432.4767;274;6338.7840;4016;0;8.2296;68;4;48
CATALUNYA;CATALUNYA;2020-10-06;2020-10-12;No;418.417;1.45448;287.6742;167.2622;12774;1790.6511;136754;0;9.1528;785;122;67
CATALUNYA;CATALUNYA;2020-10-06;2020-10-12;--;;;0.0000;0.0000;235;0.0000;2101;0;6.1069;41;6;0
CATALUNYA;CATALUNYA;2020-10-06;2020-10-12;Si;;;907.5699;423.0065;268;5961.5506;3777;0;8.6856;68;4;52
CATALUNYA;CATALUNYA;2020-10-05;2020-10-11;--;;;0.0000;0.0000;261;0.0000;2160;0;6.3603;38;7;0
CATALUNYA;CATALUNYA;2020-10-05;2020-10-11;Si;;;956.4997;468.7795;297;6615.0009;4191;0;8.7339;70;3;53
CATALUNYA;CATALUNYA;2020-10-05;2020-10-11;No;430.779;1.48368;290.3454;177.2529;13537;1998.2558;152609;0;8.5867;777;124;61
CATALUNYA;CATALUNYA;2020-10-04;2020-10-10;--;;;0.0000;0.0000;258;0.0000;2213;0;6.1169;40;9;0
CATALUNYA;CATALUNYA;2020-10-04;2020-10-10;Si;;;885.4725;400.9091;254;6334.0488;4013;0;7.8834;69;2;53
CATALUNYA;CATALUNYA;2020-10-04;2020-10-10;No;409.315;1.45449;281.4153;170.4964;13021;1975.6164;150880;0;8.3687;741;114;53
CATALUNYA;CATALUNYA;2020-10-03;2020-10-09;Si;;;883.8941;393.0172;249;5941.0316;3764;0;8.1150;67;2;47
CATALUNYA;CATALUNYA;2020-10-03;2020-10-09;No;383.899;1.40564;273.1137;163.8316;12512;1961.0690;149769;0;8.1423;715;103;48
CATALUNYA;CATALUNYA;2020-10-03;2020-10-09;--;;;0.0000;0.0000;255;0.0000;2096;0;6.2649;44;9;0
CATALUNYA;CATALUNYA;2020-10-02;2020-10-08;Si;;;853.9049;516.1310;327;7314.2243;4634;0;8.5744;63;2;43
CATALUNYA;CATALUNYA;2020-10-02;2020-10-08;No;340.949;1.34922;252.7003;149.3758;11408;1932.4063;147580;0;7.4509;690;110;44
CATALUNYA;CATALUNYA;2020-10-02;2020-10-08;--;;;0.0000;0.0000;216;0.0000;1935;0;5.7113;47;8;0
CATALUNYA;CATALUNYA;2020-10-01;2020-10-07;No;312.448;1.33883;233.3736;138.2721;10560;1888.8427;144253;0;7.0585;664;106;42
CATALUNYA;CATALUNYA;2020-10-01;2020-10-07;--;;;0.0000;0.0000;187;0.0000;1846;0;5.3892;49;10;0
CATALUNYA;CATALUNYA;2020-10-01;2020-10-07;Si;;;754.4668;399.3307;253;6910.1584;4378;0;7.0537;64;2;42
CATALUNYA;CATALUNYA;2020-09-30;2020-10-06;No;294.364;1.32607;221.9818;128.3993;9806;1875.3690;143224;0;6.6811;652;106;51
CATALUNYA;CATALUNYA;2020-09-30;2020-10-06;--;;;0.0000;0.0000;185;0.0000;1809;0;5.7286;45;11;0
CATALUNYA;CATALUNYA;2020-09-30;2020-10-06;Si;;;699.2234;404.0659;256;6799.6716;4308;0;7.2173;59;2;41
CATALUNYA;CATALUNYA;2020-09-29;2020-10-05;--;;;0.0000;0.0000;160;0.0000;1438;0;6.0393;45;9;0
CATALUNYA;CATALUNYA;2020-09-29;2020-10-05;Si;;;675.5476;484.5634;307;6985.9208;4426;0;8.5782;57;2;39
CATALUNYA;CATALUNYA;2020-09-29;2020-10-05;No;277.726;1.31162;211.7423;120.4120;9196;1816.1713;138703;0;6.4353;628;107;54
CATALUNYA;CATALUNYA;2020-09-28;2020-10-04;--;;;0.0000;0.0000;140;0.0000;1425;0;5.1773;50;9;0
CATALUNYA;CATALUNYA;2020-09-28;2020-10-04;Si;;;666.0774;487.7201;309;7541.5114;4778;0;7.6663;46;1;36
CATALUNYA;CATALUNYA;2020-09-28;2020-10-04;No;263.068;1.28969;203.9776;113.0925;8637;1795.7316;137142;0;6.2041;623;100;55
CATALUNYA;CATALUNYA;2020-09-27;2020-10-03;Si;;;672.3909;484.5634;307;7405.7705;4692;0;7.7227;46;1;35
CATALUNYA;CATALUNYA;2020-09-27;2020-10-03;No;255.635;1.26143;202.6551;110.9189;8471;1789.0275;136630;0;6.1158;605;100;60
CATALUNYA;CATALUNYA;2020-09-27;2020-10-03;--;;;0.0000;0.0000;142;0.0000;1354;0;5.3731;49;6;0
CATALUNYA;CATALUNYA;2020-09-26;2020-10-02;Si;;;697.6450;490.8769;311;7509.9438;4758;0;7.6531;50;1;34
CATALUNYA;CATALUNYA;2020-09-26;2020-10-02;No;238.989;1.19176;200.5339;109.2821;8346;1780.0843;135947;0;6.0427;601;100;59
CATALUNYA;CATALUNYA;2020-09-26;2020-10-02;--;;;0.0000;0.0000;131;0.0000;1226;0;5.3719;45;6;0
CATALUNYA;CATALUNYA;2020-09-25;2020-10-01;Si;;;574.5312;337.7738;214;6319.8434;4004;0;6.1806;49;1;33
CATALUNYA;CATALUNYA;2020-09-25;2020-10-01;No;215.618;1.10169;195.7153;103.3244;7891;1733.2341;132369;0;5.8540;575;97;62
CATALUNYA;CATALUNYA;2020-09-25;2020-10-01;--;;;0.0000;0.0000;126;0.0000;1176;0;5.3402;39;6;0
CATALUNYA;CATALUNYA;2020-09-24;2020-09-30;No;197.697;1.02689;192.5204;95.1014;7263;1640.1623;125261;0;5.6409;541;86;64
CATALUNYA;CATALUNYA;2020-09-24;2020-09-30;--;;;0.0000;0.0000;115;0.0000;1095;0;5.1068;39;4;0
CATALUNYA;CATALUNYA;2020-09-24;2020-09-30;Si;;;585.5798;355.1360;225;6668.6659;4225;0;5.8388;44;0;34
CATALUNYA;CATALUNYA;2020-09-23;2020-09-29;No;189.924;0.989608;191.9181;93.5825;7147;1612.9006;123179;0;5.6364;513;83;57
CATALUNYA;CATALUNYA;2020-09-23;2020-09-29;--;;;0.0000;0.0000;96;0.0000;977;0;4.1667;37;2;0
CATALUNYA;CATALUNYA;2020-09-23;2020-09-29;Si;;;590.3150;295.1575;187;6734.9580;4267;0;4.7794;49;0;32
CATALUNYA;CATALUNYA;2020-09-22;2020-09-28;--;;;0.0000;0.0000;88;0.0000;982;0;4.2443;36;5;0
CATALUNYA;CATALUNYA;2020-09-22;2020-09-28;Si;;;478.2498;190.9842;121;6581.8549;4170;0;2.7236;53;1;26
CATALUNYA;CATALUNYA;2020-09-22;2020-09-28;No;184.604;0.96202;191.8919;91.3303;6975;1577.2327;120455;0;5.6821;499;89;48
CATALUNYA;CATALUNYA;2020-09-21;2020-09-27;Si;;;497.1904;178.3572;113;6092.5563;3860;0;2.8762;55;2;27
CATALUNYA;CATALUNYA;2020-09-21;2020-09-27;No;182.007;0.959354;189.7183;90.8851;6941;1553.8731;118671;0;5.7796;484;81;51
CATALUNYA;CATALUNYA;2020-09-21;2020-09-27;--;;;0.0000;0.0000;86;0.0000;950;0;4.0598;30;4;0
CATALUNYA;CATALUNYA;2020-09-20;2020-09-26;Si;;;571.3744;187.8275;119;6084.6644;3855;0;3.1875;56;2;22
CATALUNYA;CATALUNYA;2020-09-20;2020-09-26;No;183.197;0.965359;189.7707;91.7362;7006;1563.0388;119371;0;5.8033;499;84;45
CATALUNYA;CATALUNYA;2020-09-20;2020-09-26;--;;;0.0000;0.0000;80;0.0000;957;0;3.9236;31;6;0
CATALUNYA;CATALUNYA;2020-09-19;2020-09-25;Si;;;650.2935;206.7681;131;6147.7997;3895;0;3.2980;50;2;26
CATALUNYA;CATALUNYA;2020-09-19;2020-09-25;No;190.178;0.999115;190.3468;91.2517;6969;1574.2473;120227;0;5.7564;488;82;48
CATALUNYA;CATALUNYA;2020-09-19;2020-09-25;--;;;0.0000;0.0000;83;0.0000;964;0;4.0966;35;6;0
CATALUNYA;CATALUNYA;2020-09-18;2020-09-24;No;208.99;1.15249;181.3382;92.3909;7056;1552.4982;118566;0;5.9751;498;77;46
CATALUNYA;CATALUNYA;2020-09-18;2020-09-24;--;;;0.0000;0.0000;81;0.0000;893;0;3.9728;38;5;0
CATALUNYA;CATALUNYA;2020-09-18;2020-09-24;Si;;;634.5097;236.7573;150;6269.3351;3972;0;3.9876;45;3;23
CATALUNYA;CATALUNYA;2020-09-17;2020-09-23;No;230.139;1.23592;186.2091;97.4190;7440;1592.3693;121611;0;6.1440;510;80;49
CATALUNYA;CATALUNYA;2020-09-17;2020-09-23;--;;;0.0000;0.0000;83;0.0000;871;0;4.6458;34;5;0
CATALUNYA;CATALUNYA;2020-09-17;2020-09-23;Si;;;625.0394;230.4438;146;6150.9564;3897;0;4.2609;42;4;17
CATALUNYA;CATALUNYA;2020-09-16;2020-09-22;--;;;0.0000;0.0000;86;0.0000;792;0;5.4847;34;5;0
CATALUNYA;CATALUNYA;2020-09-16;2020-09-22;Si;;;629.7746;295.1575;187;6113.0753;3873;0;5.5377;40;5;15
CATALUNYA;CATALUNYA;2020-09-16;2020-09-22;No;238.21;1.28942;184.7426;98.3356;7510;1511.4356;115430;0;6.5619;514;79;56
CATALUNYA;CATALUNYA;2020-09-15;2020-09-21;--;;;0.0000;0.0000;81;0.0000;724;0;4.9226;33;3;0
CATALUNYA;CATALUNYA;2020-09-15;2020-09-21;Si;;;626.6178;287.2656;182;5827.3880;3692;0;6.2997;37;4;16
CATALUNYA;CATALUNYA;2020-09-15;2020-09-21;No;239.424;1.30273;183.7867;100.5615;7680;1453.7698;111026;0;7.0106;527;68;61
CATALUNYA;CATALUNYA;2020-09-14;2020-09-20;Si;;;610.8340;318.8332;202;6357.7246;4028;0;6.0040;36;3;19
CATALUNYA;CATALUNYA;2020-09-14;2020-09-20;No;237.428;1.31054;181.1680;98.8331;7548;1393.4459;106419;0;7.1383;538;73;60
CATALUNYA;CATALUNYA;2020-09-14;2020-09-20;--;;;0.0000;0.0000;76;0.0000;658;0;5.7453;40;3;0
CATALUNYA;CATALUNYA;2020-09-13;2020-09-19;Si;;;609.2556;383.5469;243;6405.0760;4058;0;6.9944;30;3;19
CATALUNYA;CATALUNYA;2020-09-13;2020-09-19;No;231.02;1.28492;179.7931;98.0344;7487;1364.3642;104198;0;7.2091;532;69;61
CATALUNYA;CATALUNYA;2020-09-13;2020-09-19;--;;;0.0000;0.0000;79;0.0000;652;0;5.8085;38;3;0
CATALUNYA;CATALUNYA;2020-09-12;2020-09-18;Si;;;591.8934;443.5254;281;6367.1948;4034;0;7.9074;33;3;15
CATALUNYA;CATALUNYA;2020-09-12;2020-09-18;No;225.68;1.25349;180.0419;99.0950;7568;1329.4295;101530;0;7.4871;533;68;58
CATALUNYA;CATALUNYA;2020-09-12;2020-09-18;--;;;0.0000;0.0000;83;0.0000;646;0;6.3492;32;5;0
CATALUNYA;CATALUNYA;2020-09-11;2020-09-17;No;194.52;1.08049;180.0288;88.9472;6793;1142.0943;87223;0;7.6941;497;68;57
CATALUNYA;CATALUNYA;2020-09-11;2020-09-17;--;;;0.0000;0.0000;75;0.0000;596;0;6.6895;29;5;0
CATALUNYA;CATALUNYA;2020-09-11;2020-09-17;Si;;;558.7473;397.7523;252;5453.3114;3455;0;8.1054;32;2;16
CATALUNYA;CATALUNYA;2020-09-10;2020-09-16;--;;;0.0000;0.0000;73;0.0000;535;0;6.7179;33;5;0
CATALUNYA;CATALUNYA;2020-09-10;2020-09-16;Si;;;569.7960;394.5956;250;5784.7717;3665;0;7.4668;35;1;18
CATALUNYA;CATALUNYA;2020-09-10;2020-09-16;No;180.629;1.00876;179.0598;88.7901;6781;1138.1268;86920;0;7.9690;499;73;56
CATALUNYA;CATALUNYA;2020-09-09;2020-09-15;--;;;0.0000;0.0000;78;0.0000;596;0;6.5744;34;5;0
CATALUNYA;CATALUNYA;2020-09-09;2020-09-15;Si;;;572.9528;334.6170;212;6089.3995;3858;0;5.9339;28;0;18
CATALUNYA;CATALUNYA;2020-09-09;2020-09-15;No;167.776;0.951029;176.4149;86.4070;6599;1107.9321;84614;0;7.9557;490;73;55
CATALUNYA;CATALUNYA;2020-09-08;2020-09-14;Si;;;588.7366;339.3522;215;6543.9737;4146;0;5.3007;27;0;19
CATALUNYA;CATALUNYA;2020-09-08;2020-09-14;No;162.738;0.939059;173.2985;83.2251;6356;1088.0686;83097;0;7.7844;482;71;53
CATALUNYA;CATALUNYA;2020-09-08;2020-09-14;--;;;0.0000;0.0000;88;0.0000;644;0;6.8146;38;6;0
CATALUNYA;CATALUNYA;2020-09-07;2020-09-13;Si;;;539.8068;292.0007;185;6032.5778;3822;0;5.3188;31;0;12
CATALUNYA;CATALUNYA;2020-09-07;2020-09-13;No;160.837;0.932033;172.5652;82.3348;6288;1082.1894;82648;0;7.7926;487;75;53
CATALUNYA;CATALUNYA;2020-09-07;2020-09-13;--;;;0.0000;0.0000;97;0.0000;692;0;6.3328;32;6;0
CATALUNYA;CATALUNYA;2020-09-06;2020-09-12;Si;;;465.6228;225.7086;143;5980.4911;3789;0;4.1133;39;0;18
CATALUNYA;CATALUNYA;2020-09-06;2020-09-12;No;166.84;0.961207;173.5735;81.7586;6244;1078.5100;82367;0;7.8469;484;77;49
CATALUNYA;CATALUNYA;2020-09-06;2020-09-12;--;;;0.0000;0.0000;98;0.0000;686;0;6.3798;34;5;0
CATALUNYA;CATALUNYA;2020-09-05;2020-09-11;No;171.445;0.990653;173.0628;80.9468;6182;1086.9425;83011;0;7.7338;489;82;54
CATALUNYA;CATALUNYA;2020-09-05;2020-09-11;--;;;0.0000;0.0000;95;0.0000;675;0;6.1840;38;3;0
CATALUNYA;CATALUNYA;2020-09-05;2020-09-11;Si;;;380.3901;148.3679;94;5843.1719;3702;0;3.3218;40;1;18
CATALUNYA;CATALUNYA;2020-09-04;2020-09-10;No;187.323;1.02641;182.5035;91.0815;6956;1249.6742;95439;0;7.6641;503;80;58
CATALUNYA;CATALUNYA;2020-09-04;2020-09-10;--;;;0.0000;0.0000;110;0.0000;799;0;6.3776;40;4;0
CATALUNYA;CATALUNYA;2020-09-04;2020-09-10;Si;;;410.3794;160.9950;102;7377.3596;4674;0;2.8430;41;1;18
CATALUNYA;CATALUNYA;2020-09-03;2020-09-09;--;;;0.0000;0.0000;110;0.0000;875;0;5.9371;37;4;0
CATALUNYA;CATALUNYA;2020-09-03;2020-09-09;Si;;;426.1632;175.2004;111;7825.6203;4958;0;3.1591;43;1;24
CATALUNYA;CATALUNYA;2020-09-03;2020-09-09;No;186.258;1.02233;182.1893;90.2697;6894;1241.8571;94842;0;7.4637;476;73;52
CATALUNYA;CATALUNYA;2020-09-02;2020-09-08;--;;;0.0000;0.0000;106;0.0000;906;0;5.2868;33;4;0
CATALUNYA;CATALUNYA;2020-09-02;2020-09-08;Si;;;490.8769;238.3357;151;7549.4033;4783;0;3.6832;45;1;25
CATALUNYA;CATALUNYA;2020-09-02;2020-09-08;No;187.63;1.01412;185.0176;90.0078;6874;1269.9175;96985;0;7.2270;476;75;47
CATALUNYA;CATALUNYA;2020-09-01;2020-09-07;Si;;;528.7581;249.3844;158;7579.3926;4802;0;3.7548;46;1;28
CATALUNYA;CATALUNYA;2020-09-01;2020-09-07;No;188.149;1.00695;186.8507;90.0733;6879;1287.9610;98363;0;7.1849;466;81;50
CATALUNYA;CATALUNYA;2020-09-01;2020-09-07;--;;;0.0000;0.0000;105;0.0000;955;0;5.6564;33;2;0
CATALUNYA;CATALUNYA;2020-08-31;2020-09-06;Si;;;519.2878;247.8060;157;7702.5064;4880;0;3.5466;45;1;27
CATALUNYA;CATALUNYA;2020-08-31;2020-09-06;No;189.371;1.00052;189.2731;90.2304;6891;1293.5259;98788;0;7.2915;458;79;50
CATALUNYA;CATALUNYA;2020-08-31;2020-09-06;--;;;0.0000;0.0000;96;0.0000;827;0;6.1728;32;2;0
CATALUNYA;CATALUNYA;2020-08-30;2020-09-05;No;189.442;0.995589;190.2814;91.8148;7012;1302.4822;99472;0;7.2990;450;77;52
CATALUNYA;CATALUNYA;2020-08-30;2020-09-05;--;;;0.0000;0.0000;97;0.0000;826;0;6.1805;27;2;0
CATALUNYA;CATALUNYA;2020-08-30;2020-09-05;Si;;;522.4445;239.9141;152;7700.9280;4879;0;3.4154;41;1;26
CATALUNYA;CATALUNYA;2020-08-29;2020-09-04;No;187.982;0.98683;190.4909;92.1159;7035;1294.5865;98869;0;7.3110;447;76;46
CATALUNYA;CATALUNYA;2020-08-29;2020-09-04;--;;;0.0000;0.0000;95;0.0000;824;0;6.3197;25;2;0
CATALUNYA;CATALUNYA;2020-08-29;2020-09-04;Si;;;536.6500;232.0222;147;7724.6038;4894;0;3.1735;37;0;28
CATALUNYA;CATALUNYA;2020-08-28;2020-09-03;--;;;0.0000;0.0000;98;0.0000;852;0;5.7692;21;1;0
CATALUNYA;CATALUNYA;2020-08-28;2020-09-03;Si;;;560.3257;249.3844;158;7402.6138;4690;0;3.5766;38;0;29
CATALUNYA;CATALUNYA;2020-08-28;2020-09-03;No;190.348;0.996854;190.9491;91.4220;6982;1296.0792;98983;0;7.1976;433;77;44
CATALUNYA;CATALUNYA;2020-08-27;2020-09-02;--;;;0.0000;0.0000;106;0.0000;867;0;5.7647;24;1;0
CATALUNYA;CATALUNYA;2020-08-27;2020-09-02;Si;;;561.9041;250.9628;159;7008.0181;4440;0;3.6038;34;0;24
CATALUNYA;CATALUNYA;2020-08-27;2020-09-02;No;193.668;1.01077;191.6038;91.9195;7020;1296.2233;98994;0;7.2876;465;79;47
CATALUNYA;CATALUNYA;2020-08-26;2020-09-01;Si;;;479.8282;252.5411;160;7358.4190;4662;0;3.9428;38;0;26
CATALUNYA;CATALUNYA;2020-08-26;2020-09-01;No;199.616;1.02985;193.8298;95.0097;7256;1331.4460;101684;0;7.4105;458;69;46
CATALUNYA;CATALUNYA;2020-08-26;2020-09-01;--;;;0.0000;0.0000;108;0.0000;839;0;6.2954;28;1;0
CATALUNYA;CATALUNYA;2020-08-25;2020-08-31;Si;;;479.8282;279.3736;177;7479.9545;4739;0;4.3183;37;0;24
CATALUNYA;CATALUNYA;2020-08-25;2020-08-31;No;203.188;1.04363;194.6940;96.7774;7391;1328.8927;101489;0;7.4303;463;60;40
CATALUNYA;CATALUNYA;2020-08-25;2020-08-31;--;;;0.0000;0.0000;114;0.0000;815;0;6.6002;26;1;0
CATALUNYA;CATALUNYA;2020-08-24;2020-08-30;Si;;;459.3092;271.4817;172;7595.1764;4812;0;4.1242;36;0;31
CATALUNYA;CATALUNYA;2020-08-24;2020-08-30;No;204.861;1.05669;193.8691;99.0427;7564;1349.2145;103041;0;7.3328;464;62;40
CATALUNYA;CATALUNYA;2020-08-24;2020-08-30;--;;;0.0000;0.0000;122;0.0000;937;0;6.4865;28;3;0
CATALUNYA;CATALUNYA;2020-08-23;2020-08-29;No;206.62;1.0704;193.0311;98.4665;7520;1352.5797;103298;0;7.2933;460;60;42
CATALUNYA;CATALUNYA;2020-08-23;2020-08-29;--;;;0.0000;0.0000;122;0.0000;940;0;6.4655;31;3;0
CATALUNYA;CATALUNYA;2020-08-23;2020-08-29;Si;;;465.6228;282.5304;179;7628.3224;4833;0;4.6375;35;1;30
CATALUNYA;CATALUNYA;2020-08-22;2020-08-28;No;211.848;1.10159;192.3109;98.3749;7513;1369.0780;104558;0;7.1854;458;58;43
CATALUNYA;CATALUNYA;2020-08-22;2020-08-28;--;;;0.0000;0.0000;124;0.0000;928;0;6.3319;33;3;0
CATALUNYA;CATALUNYA;2020-08-22;2020-08-28;Si;;;470.3579;304.6278;193;7847.7176;4972;0;4.5256;35;1;32
CATALUNYA;CATALUNYA;2020-08-21;2020-08-27;--;;;0.0000;0.0000;126;0.0000;854;0;6.6429;35;5;0
CATALUNYA;CATALUNYA;2020-08-21;2020-08-27;Si;;;446.6822;310.9413;197;7860.3447;4980;0;4.3398;34;1;32
CATALUNYA;CATALUNYA;2020-08-21;2020-08-27;No;216.313;1.1319;191.1063;99.5271;7601;1349.1359;103035;0;7.4156;477;67;36
CATALUNYA;CATALUNYA;2020-08-20;2020-08-26;Si;;;437.2119;310.9413;197;7369.4677;4669;0;4.5711;32;1;34
CATALUNYA;CATALUNYA;2020-08-20;2020-08-26;No;217.635;1.14937;189.3517;99.6843;7613;1296.0007;98977;0;7.7449;454;66;34
CATALUNYA;CATALUNYA;2020-08-20;2020-08-26;--;;;0.0000;0.0000;123;0.0000;838;0;6.9007;32;6;1
CATALUNYA;CATALUNYA;2020-08-19;2020-08-25;Si;;;391.4388;227.2870;144;6894.3746;4368;0;3.6585;28;2;32
CATALUNYA;CATALUNYA;2020-08-19;2020-08-25;No;214.891;1.15884;185.4366;98.8201;7547;1228.9596;93857;0;7.9737;482;74;38
CATALUNYA;CATALUNYA;2020-08-19;2020-08-25;--;;;0.0000;0.0000;117;0.0000;828;0;6.4951;29;6;1
CATALUNYA;CATALUNYA;2020-08-18;2020-08-24;Si;;;415.1145;200.4545;127;6783.8878;4298;0;3.2124;30;3;31
CATALUNYA;CATALUNYA;2020-08-18;2020-08-24;No;212.606;1.16453;182.5690;97.9166;7478;1188.6433;90778;0;8.1999;499;80;41
CATALUNYA;CATALUNYA;2020-08-18;2020-08-24;--;;;0.0000;0.0000;104;0.0000;819;0;5.3350;28;7;2
CATALUNYA;CATALUNYA;2020-08-17;2020-08-23;No;207.948;1.1644;178.5884;94.8264;7242;1130.2442;86318;0;8.4770;498;80;39
CATALUNYA;CATALUNYA;2020-08-17;2020-08-23;--;;;0.0000;0.0000;97;0.0000;785;0;4.6693;25;5;2
CATALUNYA;CATALUNYA;2020-08-17;2020-08-23;Si;;;430.8984;187.8275;119;6400.3409;4055;0;3.2391;33;3;27
CATALUNYA;CATALUNYA;2020-08-16;2020-08-22;No;206.541;1.16317;177.5671;94.5645;7222;1126.2506;86013;0;8.4689;510;79;36
CATALUNYA;CATALUNYA;2020-08-16;2020-08-22;--;;;0.0000;0.0000;94;0.0000;787;0;4.6572;25;4;2
CATALUNYA;CATALUNYA;2020-08-16;2020-08-22;Si;;;423.0065;183.0923;116;6430.3301;4074;0;2.6725;33;3;24
CATALUNYA;CATALUNYA;2020-08-15;2020-08-21;--;;;0.0000;0.0000;88;0.0000;778;0;4.3137;23;4;2
CATALUNYA;CATALUNYA;2020-08-15;2020-08-21;Si;;;407.2226;165.7301;105;6179.3673;3915;0;2.8371;34;3;22
CATALUNYA;CATALUNYA;2020-08-15;2020-08-21;No;203.405;1.14882;177.0565;93.9360;7174;1104.4361;84347;0;8.6824;522;78;37
CATALUNYA;CATALUNYA;2020-08-14;2020-08-20;--;;;0.0000;0.0000;83;0.0000;848;0;4.3114;25;2;2
CATALUNYA;CATALUNYA;2020-08-14;2020-08-20;Si;;;464.0444;135.7408;86;5645.8741;3577;0;3.0743;35;3;26
CATALUNYA;CATALUNYA;2020-08-14;2020-08-20;No;195.364;1.12444;173.7437;91.5791;6994;1067.0266;81490;0;8.7643;511;65;43
CATALUNYA;CATALUNYA;2020-08-13;2020-08-19;Si;;;492.4553;126.2705;80;6026.2642;3818;0;2.6166;41;4;23
CATALUNYA;CATALUNYA;2020-08-13;2020-08-19;No;188.725;1.11024;169.9857;89.6674;6848;1065.5863;81380;0;8.4803;507;66;43
CATALUNYA;CATALUNYA;2020-08-13;2020-08-19;--;;;0.0000;0.0000;87;0.0000;853;0;4.4048;26;3;1
CATALUNYA;CATALUNYA;2020-08-12;2020-08-18;Si;;;505.0823;164.1517;104;6352.9894;4025;0;3.3016;45;3;24
CATALUNYA;CATALUNYA;2020-08-12;2020-08-18;No;183.495;1.10197;166.5158;86.6165;6615;1055.6480;80621;0;8.3634;481;61;38
CATALUNYA;CATALUNYA;2020-08-12;2020-08-18;--;;;0.0000;0.0000;84;0.0000;827;0;4.4390;24;3;1
CATALUNYA;CATALUNYA;2020-08-11;2020-08-17;Si;;;527.1797;214.6600;136;6166.7403;3907;0;4.2943;48;2;27
CATALUNYA;CATALUNYA;2020-08-11;2020-08-17;No;180.173;1.09729;164.1982;84.6524;6465;1039.2281;79367;0;8.2505;468;58;37
CATALUNYA;CATALUNYA;2020-08-11;2020-08-17;--;;;0.0000;0.0000;86;0.0000;788;0;5.4194;23;2;0
CATALUNYA;CATALUNYA;2020-08-10;2020-08-16;No;178.118;1.09535;162.6138;83.7620;6397;1047.7261;80016;0;8.1120;456;56;43
CATALUNYA;CATALUNYA;2020-08-10;2020-08-16;--;;;0.0000;0.0000;90;0.0000;834;0;6.4555;21;2;0
CATALUNYA;CATALUNYA;2020-08-10;2020-08-16;Si;;;539.8068;243.0709;154;6127.2807;3882;0;4.6681;47;3;25
CATALUNYA;CATALUNYA;2020-08-09;2020-08-15;--;;;0.0000;0.0000;89;0.0000;832;0;6.4713;19;3;0
CATALUNYA;CATALUNYA;2020-08-09;2020-08-15;Si;;;538.2284;239.9141;152;6010.4804;3808;0;4.7310;48;3;29
CATALUNYA;CATALUNYA;2020-08-09;2020-08-15;No;176.425;1.09427;161.2259;83.0026;6339;1044.2431;79750;0;8.1068;460;60;41
CATALUNYA;CATALUNYA;2020-08-08;2020-08-14;--;;;0.0000;0.0000;90;0.0000;833;0;6.7155;19;3;0
CATALUNYA;CATALUNYA;2020-08-08;2020-08-14;Si;;;539.8068;241.4925;153;6264.6000;3969;0;4.6972;47;4;29
CATALUNYA;CATALUNYA;2020-08-08;2020-08-14;No;175.841;1.09474;160.6235;83.1204;6348;1076.0876;82182;0;7.8263;460;60;37
CATALUNYA;CATALUNYA;2020-08-07;2020-08-13;Si;;;554.0122;328.3035;208;6341.9407;4018;0;5.8634;49;4;24
CATALUNYA;CATALUNYA;2020-08-07;2020-08-13;No;173.624;1.08306;160.3093;82.1645;6275;1075.2234;82116;0;7.7059;458;64;35
CATALUNYA;CATALUNYA;2020-08-07;2020-08-13;--;;;0.0000;0.0000;89;0.0000;737;0;7.1923;15;3;0
CATALUNYA;CATALUNYA;2020-08-06;2020-08-12;Si;;;580.8447;366.1847;232;6267.7568;3971;0;6.5996;45;3;24
CATALUNYA;CATALUNYA;2020-08-06;2020-08-12;No;170.285;1.06597;159.7462;80.3183;6134;1070.1823;81731;0;7.6707;471;74;37
CATALUNYA;CATALUNYA;2020-08-06;2020-08-12;--;;;0.0000;0.0000;93;0.0000;771;0;7.1429;16;2;0
CATALUNYA;CATALUNYA;2020-08-05;2020-08-11;Si;;;620.3043;340.9306;216;6250.3945;3960;0;6.0299;44;4;24
CATALUNYA;CATALUNYA;2020-08-05;2020-08-11;No;168.462;1.0506;160.3486;79.8993;6102;1057.0621;80729;0;7.7545;475;84;35
CATALUNYA;CATALUNYA;2020-08-05;2020-08-11;--;;;0.0000;0.0000;92;0.0000;836;0;6.3260;19;3;0
CATALUNYA;CATALUNYA;2020-08-04;2020-08-10;No;166.925;1.03434;161.3830;79.5457;6075;1056.3943;80678;0;7.8159;460;86;36
CATALUNYA;CATALUNYA;2020-08-04;2020-08-10;--;;;0.0000;0.0000;96;0.0000;914;0;5.8954;24;5;0
CATALUNYA;CATALUNYA;2020-08-04;2020-08-10;Si;;;625.0394;312.5197;198;6266.1784;3970;0;5.6808;38;4;24
CATALUNYA;CATALUNYA;2020-08-03;2020-08-09;No;165.432;1.01947;162.2734;78.8518;6022;1028.5697;78553;0;7.8722;469;84;28
CATALUNYA;CATALUNYA;2020-08-03;2020-08-09;--;;;0.0000;0.0000;100;0.0000;910;0;5.1397;27;25;0
CATALUNYA;CATALUNYA;2020-08-03;2020-08-09;Si;;;606.0988;296.7359;188;6365.6165;4033;0;5.4900;40;3;27
CATALUNYA;CATALUNYA;2020-08-02;2020-08-08;--;;;0.0000;0.0000;103;0.0000;909;0;5.2573;40;26;0
CATALUNYA;CATALUNYA;2020-08-02;2020-08-08;Si;;;609.2556;298.3142;189;6578.6981;4168;0;5.3699;41;2;26
CATALUNYA;CATALUNYA;2020-08-02;2020-08-08;No;162.887;1.00597;161.9198;78.2233;5974;1022.9393;78123;0;7.8781;460;83;28
CATALUNYA;CATALUNYA;2020-08-01;2020-08-07;--;;;0.0000;0.0000;104;0.0000;928;0;5.2516;48;28;0
CATALUNYA;CATALUNYA;2020-08-01;2020-08-07;Si;;;617.1475;298.3142;189;6763.3688;4285;0;5.1811;46;1;27
CATALUNYA;CATALUNYA;2020-08-01;2020-08-07;No;160.994;0.997915;161.3306;77.5031;5919;994.2897;75935;0;8.1278;455;83;33
CATALUNYA;CATALUNYA;2020-07-31;2020-08-06;Si;;;550.8554;225.7086;143;6951.1964;4404;0;3.8347;47;1;28
CATALUNYA;CATALUNYA;2020-07-31;2020-08-06;No;164.249;1.01958;161.0949;78.1447;5968;987.7689;75437;0;8.3111;464;92;35
CATALUNYA;CATALUNYA;2020-07-31;2020-08-06;--;;;0.0000;0.0000;99;0.0000;947;0;5.1282;64;29;0
CATALUNYA;CATALUNYA;2020-07-30;2020-08-05;Si;;;511.3959;214.6600;136;6824.9258;4324;0;4.1040;51;1;29
CATALUNYA;CATALUNYA;2020-07-30;2020-08-05;No;168.814;1.03488;163.1245;79.4279;6066;980.6589;74894;0;8.4644;456;87;39
CATALUNYA;CATALUNYA;2020-07-30;2020-08-05;--;;;0.0000;0.0000;90;0.0000;953;0;5.0847;71;29;0
CATALUNYA;CATALUNYA;2020-07-29;2020-08-04;No;172.191;1.04834;164.2506;80.4492;6144;1010.1596;77147;0;8.3680;459;77;42
CATALUNYA;CATALUNYA;2020-07-29;2020-08-04;--;;;0.0000;0.0000;102;0.0000;956;0;5.5907;73;29;0
CATALUNYA;CATALUNYA;2020-07-29;2020-08-04;Si;;;516.1310;279.3736;177;6805.9852;4312;0;5.2044;57;0;28
CATALUNYA;CATALUNYA;2020-07-28;2020-08-03;No;175.392;1.05555;166.1623;81.8372;6250;999.0952;76302;0;8.5338;471;82;41
CATALUNYA;CATALUNYA;2020-07-28;2020-08-03;--;;;0.0000;0.0000;104;0.0000;908;0;6.0134;72;27;0
CATALUNYA;CATALUNYA;2020-07-28;2020-08-03;Si;;;484.5634;312.5197;198;6719.1741;4257;0;5.5419;60;0;27
CATALUNYA;CATALUNYA;2020-07-27;2020-08-02;--;;;0.0000;0.0000;95;0.0000;897;0;6.3134;83;7;0
CATALUNYA;CATALUNYA;2020-07-27;2020-08-02;Si;;;501.9256;309.3629;196;6457.1626;4091;0;5.5302;60;0;27
CATALUNYA;CATALUNYA;2020-07-27;2020-08-02;No;177.592;1.06159;167.2884;83.4216;6371;997.2227;76159;0;8.5303;472;94;45
CATALUNYA;CATALUNYA;2020-07-26;2020-08-01;--;;;0.0000;0.0000;95;0.0000;910;0;6.5628;82;5;0
CATALUNYA;CATALUNYA;2020-07-26;2020-08-01;Si;;;516.1310;310.9413;197;6469.7897;4099;0;5.5730;56;0;28
CATALUNYA;CATALUNYA;2020-07-26;2020-08-01;No;177.593;1.05919;167.6681;83.6965;6392;1008.5097;77021;0;8.5738;518;101;47
CATALUNYA;CATALUNYA;2020-07-25;2020-07-31;Si;;;565.0609;318.8332;202;6357.7246;4028;0;5.6598;60;0;28
CATALUNYA;CATALUNYA;2020-07-25;2020-07-31;No;178.036;1.05393;168.9251;83.8275;6402;1007.2003;76921;0;8.5101;518;106;49
CATALUNYA;CATALUNYA;2020-07-25;2020-07-31;--;;;0.0000;0.0000;98;0.0000;921;0;6.3736;76;4;0
CATALUNYA;CATALUNYA;2020-07-24;2020-07-30;Si;;;565.0609;325.1467;206;6240.9243;3954;0;6.0111;70;0;27
CATALUNYA;CATALUNYA;2020-07-24;2020-07-30;No;175.763;1.05338;166.8563;82.9502;6335;1007.6848;76958;0;8.3121;557;107;46
CATALUNYA;CATALUNYA;2020-07-24;2020-07-30;--;;;0.0000;0.0000;108;0.0000;903;0;7.3908;74;3;0
CATALUNYA;CATALUNYA;2020-07-23;2020-07-29;Si;;;544.5419;296.7359;188;6307.2163;3996;0;5.0386;78;0;25
CATALUNYA;CATALUNYA;2020-07-23;2020-07-29;No;177.291;1.0723;165.3374;83.6965;6392;1016.1959;77608;0;8.2098;586;119;38
CATALUNYA;CATALUNYA;2020-07-23;2020-07-29;--;;;0.0000;0.0000;123;0.0000;903;0;7.6233;76;2;0
CATALUNYA;CATALUNYA;2020-07-22;2020-07-28;No;178.634;1.09967;162.4436;83.8013;6400;984.0764;75155;0;8.4140;608;148;37
CATALUNYA;CATALUNYA;2020-07-22;2020-07-28;--;;;0.0000;0.0000;118;0.0000;874;0;7.6389;76;1;0
CATALUNYA;CATALUNYA;2020-07-22;2020-07-28;Si;;;544.5419;236.7573;150;6420.8599;4068;0;3.8284;67;0;24
CATALUNYA;CATALUNYA;2020-07-21;2020-07-27;No;179.015;1.13797;157.3108;84.3250;6440;971.1919;74171;0;8.5649;635;166;39
CATALUNYA;CATALUNYA;2020-07-21;2020-07-27;--;;;0.0000;0.0000;112;0.0000;838;0;7.8502;78;1;0
CATALUNYA;CATALUNYA;2020-07-21;2020-07-27;Si;;;478.2498;172.0436;109;6305.6379;3995;0;2.8917;66;0;21
CATALUNYA;CATALUNYA;2020-07-20;2020-07-26;--;;;0.0000;0.0000;127;0.0000;824;0;7.9657;67;2;0
CATALUNYA;CATALUNYA;2020-07-20;2020-07-26;Si;;;475.0931;192.5626;122;6480.8384;4106;0;3.3276;61;2;19
CATALUNYA;CATALUNYA;2020-07-20;2020-07-26;No;178.603;1.18106;151.2221;83.8668;6405;957.3516;73114;0;8.6707;654;156;39
CATALUNYA;CATALUNYA;2020-07-19;2020-07-25;Si;;;475.0931;205.1897;130;6591.3252;4176;0;3.4647;73;2;13
CATALUNYA;CATALUNYA;2020-07-19;2020-07-25;No;185.377;1.23895;149.6246;83.9715;6413;940.5783;71833;0;8.7294;617;153;39
CATALUNYA;CATALUNYA;2020-07-19;2020-07-25;--;;;0.0000;0.0000;129;0.0000;813;0;7.6923;58;2;0
CATALUNYA;CATALUNYA;2020-07-18;2020-07-24;Si;;;465.6228;246.2276;156;6591.3252;4176;0;4.6356;66;2;11
CATALUNYA;CATALUNYA;2020-07-18;2020-07-24;No;197.102;1.3397;147.1237;85.0976;6499;930.0376;71028;0;8.9797;605;143;32
CATALUNYA;CATALUNYA;2020-07-18;2020-07-24;--;;;0.0000;0.0000;134;0.0000;794;0;7.8780;60;3;0
CATALUNYA;CATALUNYA;2020-07-17;2020-07-23;Si;;;445.1038;239.9141;152;6455.5843;4090;0;4.7089;53;2;9
CATALUNYA;CATALUNYA;2020-07-17;2020-07-23;No;205.897;1.46357;140.6814;83.9060;6408;886.9978;67741;0;9.3185;551;139;31
CATALUNYA;CATALUNYA;2020-07-17;2020-07-23;--;;;0.0000;0.0000;125;0.0000;827;0;6.3647;50;8;0
CATALUNYA;CATALUNYA;2020-07-16;2020-07-22;No;204.063;1.53906;132.5894;81.6408;6235;841.2213;64245;0;9.5058;520;124;29
CATALUNYA;CATALUNYA;2020-07-16;2020-07-22;--;;;0.0000;0.0000;130;0.0000;812;0;6.8664;46;8;0
CATALUNYA;CATALUNYA;2020-07-16;2020-07-22;Si;;;441.9470;247.8060;157;6174.6322;3912;0;4.8048;44;2;8
CATALUNYA;CATALUNYA;2020-07-15;2020-07-21;No;196.702;1.58097;124.4187;78.6423;6006;796.7935;60852;0;9.4636;468;99;25
CATALUNYA;CATALUNYA;2020-07-15;2020-07-21;--;;;0.0000;0.0000;122;0.0000;764;0;7.1809;44;11;0
CATALUNYA;CATALUNYA;2020-07-15;2020-07-21;Si;;;448.2606;307.7845;195;5862.1125;3714;0;6.3346;47;2;9
CATALUNYA;CATALUNYA;2020-07-14;2020-07-20;--;;;0.0000;0.0000;133;0.0000;737;0;7.0055;39;11;0
CATALUNYA;CATALUNYA;2020-07-14;2020-07-20;Si;;;475.0931;306.2061;194;5822.6529;3689;0;6.3712;47;2;9
CATALUNYA;CATALUNYA;2020-07-14;2020-07-20;No;183.96;1.60839;114.3757;72.9857;5574;740.8430;56579;0;9.2512;447;70;19
CATALUNYA;CATALUNYA;2020-07-13;2020-07-19;--;;;0.0000;0.0000;115;0.0000;694;0;6.7153;38;10;0
CATALUNYA;CATALUNYA;2020-07-13;2020-07-19;Si;;;435.6335;282.5304;179;5797.3988;3673;0;5.8770;47;0;7
CATALUNYA;CATALUNYA;2020-07-13;2020-07-19;No;168.499;1.63015;103.3637;67.3553;5144;704.8346;53829;0;9.1726;410;75;13
CATALUNYA;CATALUNYA;2020-07-12;2020-07-18;Si;;;413.5362;269.9034;171;5705.8526;3615;0;5.9025;36;0;9
CATALUNYA;CATALUNYA;2020-07-12;2020-07-18;No;165.599;1.65125;100.2866;65.6531;5014;693.4167;52957;0;9.0063;376;67;11
CATALUNYA;CATALUNYA;2020-07-12;2020-07-18;--;;;0.0000;0.0000;112;0.0000;694;0;6.4234;35;10;0
CATALUNYA;CATALUNYA;2020-07-11;2020-07-17;Si;;;370.9198;219.3951;139;5349.1382;3389;0;4.6698;34;0;9
CATALUNYA;CATALUNYA;2020-07-11;2020-07-17;No;160.686;1.6964;94.7216;62.0260;4737;661.0615;50486;0;8.7920;372;66;12
CATALUNYA;CATALUNYA;2020-07-11;2020-07-17;--;;;0.0000;0.0000;108;0.0000;693;0;6.1404;31;8;0
CATALUNYA;CATALUNYA;2020-07-10;2020-07-16;Si;;;340.9306;205.1897;130;5244.9649;3323;0;4.3508;33;0;9
CATALUNYA;CATALUNYA;2020-07-10;2020-07-16;No;150.094;1.75488;85.5297;56.7754;4336;620.9547;47423;0;8.6247;354;55;11
CATALUNYA;CATALUNYA;2020-07-10;2020-07-16;--;;;0.0000;0.0000;102;0.0000;621;0;6.6667;33;5;0
CATALUNYA;CATALUNYA;2020-07-09;2020-07-15;No;137.192;1.80429;76.0366;50.9485;3891;578.0720;44148;0;8.3615;328;54;10
CATALUNYA;CATALUNYA;2020-07-09;2020-07-15;--;;;0.0000;0.0000;78;0.0000;517;0;5.2632;25;5;0
CATALUNYA;CATALUNYA;2020-07-09;2020-07-15;Si;;;312.5197;194.1410;123;5492.7710;3480;0;4.3324;25;0;10
CATALUNYA;CATALUNYA;2020-07-08;2020-07-14;--;;;0.0000;0.0000;83;0.0000;476;0;6.7797;22;4;0
CATALUNYA;CATALUNYA;2020-07-08;2020-07-14;Si;;;225.7086;140.4760;89;5319.1489;3370;0;3.0537;23;0;9
CATALUNYA;CATALUNYA;2020-07-08;2020-07-14;No;123.825;1.82174;67.9707;45.7764;3496;544.3027;41569;0;7.9225;336;53;12
CATALUNYA;CATALUNYA;2020-07-07;2020-07-13;--;;;0.0000;0.0000;61;0.0000;447;0;6.0948;20;4;0
CATALUNYA;CATALUNYA;2020-07-07;2020-07-13;Si;;;209.9248;168.8869;107;5226.0243;3311;0;2.8946;24;1;10
CATALUNYA;CATALUNYA;2020-07-07;2020-07-13;No;111.341;1.83458;60.6904;41.3900;3161;527.0449;40251;0;7.3686;294;51;14
CATALUNYA;CATALUNYA;2020-07-06;2020-07-12;Si;;;190.9842;153.1030;97;4900.8775;3105;0;2.7540;28;1;12
CATALUNYA;CATALUNYA;2020-07-06;2020-07-12;No;97.189;1.82594;53.2269;36.0083;2750;505.7148;38622;0;6.6868;276;39;12
CATALUNYA;CATALUNYA;2020-07-06;2020-07-12;--;;;0.0000;0.0000;59;0.0000;388;0;5.9896;19;5;0
CATALUNYA;CATALUNYA;2020-07-05;2020-07-11;Si;;;181.5139;143.6328;91;4643.6012;2942;0;2.4082;28;1;10
CATALUNYA;CATALUNYA;2020-07-05;2020-07-11;No;93.1335;1.8233;51.0795;34.6335;2645;494.7159;37782;0;6.5709;275;38;10
CATALUNYA;CATALUNYA;2020-07-05;2020-07-11;--;;;0.0000;0.0000;57;0.0000;383;0;6.0686;22;5;0
CATALUNYA;CATALUNYA;2020-07-04;2020-07-10;Si;;;176.7788;151.5247;96;4545.7415;2880;0;2.7913;29;1;9
CATALUNYA;CATALUNYA;2020-07-04;2020-07-10;No;86.153;1.78406;48.2905;32.6956;2497;481.0065;36735;0;6.3725;249;41;11
CATALUNYA;CATALUNYA;2020-07-04;2020-07-10;--;;;0.0000;0.0000;53;0.0000;368;0;6.8681;22;5;0
CATALUNYA;CATALUNYA;2020-07-03;2020-07-09;No;73.905;1.71504;43.0922;28.7543;2196;463.9320;35431;0;5.4464;256;36;12
CATALUNYA;CATALUNYA;2020-07-03;2020-07-09;--;;;0.0000;0.0000;47;0.0000;335;0;6.6465;17;3;0
CATALUNYA;CATALUNYA;2020-07-03;2020-07-09;Si;;;175.2004;135.7408;86;4244.2704;2689;0;2.6037;26;1;11
CATALUNYA;CATALUNYA;2020-07-02;2020-07-08;No;63.0707;1.64283;38.3914;25.0880;1916;448.1669;34227;0;4.9225;238;29;13
CATALUNYA;CATALUNYA;2020-07-02;2020-07-08;--;;;0.0000;0.0000;40;0.0000;306;0;7.6159;16;3;0
CATALUNYA;CATALUNYA;2020-07-02;2020-07-08;Si;;;154.6814;118.3786;75;3821.2639;2421;0;2.3030;29;1;11
CATALUNYA;CATALUNYA;2020-07-01;2020-07-07;--;;;0.0000;0.0000;33;0.0000;278;0;4.7101;16;1;0
CATALUNYA;CATALUNYA;2020-07-01;2020-07-07;Si;;;121.5354;85.2326;54;3622.3877;2295;0;1.5292;30;1;10
CATALUNYA;CATALUNYA;2020-07-01;2020-07-07;No;54.2748;1.64878;32.9182;22.1942;1695;435.8585;33287;0;4.4625;215;23;16
CATALUNYA;CATALUNYA;2020-06-30;2020-07-06;--;;;0.0000;0.0000;29;0.0000;269;0;3.7594;16;1;0
CATALUNYA;CATALUNYA;2020-06-30;2020-07-06;Si;;;85.2326;41.0379;26;3464.5495;2195;0;1.3978;28;0;10
CATALUNYA;CATALUNYA;2020-06-30;2020-07-06;No;48.3915;1.6595;29.1602;19.3004;1474;427.2820;32632;0;3.9448;192;21;17
CATALUNYA;CATALUNYA;2020-06-29;2020-07-05;Si;;;82.0758;37.8811;24;3305.1328;2094;0;1.4312;26;0;10
CATALUNYA;CATALUNYA;2020-06-29;2020-07-05;No;43.9938;1.69518;25.9522;17.2185;1315;428.4997;32725;0;3.7300;190;19;17
CATALUNYA;CATALUNYA;2020-06-29;2020-07-05;--;;;0.0000;0.0000;21;0.0000;258;0;3.5433;15;0;0
CATALUNYA;CATALUNYA;2020-06-28;2020-07-04;Si;;;82.0758;37.8811;24;3352.4843;2124;0;1.4136;25;0;11
CATALUNYA;CATALUNYA;2020-06-28;2020-07-04;No;42.0964;1.69119;24.8916;16.4460;1256;427.8450;32675;0;3.6296;184;15;17
CATALUNYA;CATALUNYA;2020-06-28;2020-07-04;--;;;0.0000;0.0000;21;0.0000;257;0;3.5573;10;0;0
CATALUNYA;CATALUNYA;2020-06-27;2020-07-03;No;40.5363;1.7038;23.7917;15.5949;1191;431.9173;32986;0;3.4454;190;13;16
CATALUNYA;CATALUNYA;2020-06-27;2020-07-03;--;;;0.0000;0.0000;17;0.0000;270;0;2.6316;7;0;0
CATALUNYA;CATALUNYA;2020-06-27;2020-07-03;Si;;;69.4488;25.2541;16;3377.7384;2140;0;0.9254;25;0;11
CATALUNYA;CATALUNYA;2020-06-26;2020-07-02;No;35.4083;1.64888;21.4740;14.3378;1095;436.9061;33367;0;3.1092;162;16;15
CATALUNYA;CATALUNYA;2020-06-26;2020-07-02;--;;;0.0000;0.0000;16;0.0000;280;0;2.1818;5;0;0
CATALUNYA;CATALUNYA;2020-06-26;2020-07-02;Si;;;72.6055;39.4595;25;3571.8795;2263;0;1.3929;28;0;11
CATALUNYA;CATALUNYA;2020-06-25;2020-07-01;--;;;0.0000;0.0000;16;0.0000;310;0;1.3158;5;1;0
CATALUNYA;CATALUNYA;2020-06-25;2020-07-01;Si;;;78.9191;36.3027;23;3380.8952;2142;0;1.3597;28;0;11
CATALUNYA;CATALUNYA;2020-06-25;2020-07-01;No;31.561;1.58994;19.8504;13.3034;1016;421.7956;32213;0;2.7144;167;15;16
CATALUNYA;CATALUNYA;2020-06-24;2020-06-30;--;;;0.0000;0.0000;9;0.0000;272;0;1.1364;4;1;0
CATALUNYA;CATALUNYA;2020-06-24;2020-06-30;Si;;;93.1245;36.3027;23;2992.6131;1896;0;1.6254;28;0;12
CATALUNYA;CATALUNYA;2020-06-24;2020-06-30;No;26.0782;1.49409;17.4542;10.7239;819;373.8717;28553;0;2.4772;155;13;10
CATALUNYA;CATALUNYA;2020-06-23;2020-06-29;Si;;;101.0164;44.1947;28;2997.3483;1899;0;2.0573;29;0;11
CATALUNYA;CATALUNYA;2020-06-23;2020-06-29;No;23.357;1.43623;16.2626;9.8597;753;373.9896;28562;0;2.2896;164;16;7
CATALUNYA;CATALUNYA;2020-06-23;2020-06-29;--;;;0.0000;0.0000;17;0.0000;272;0;2.2727;4;1;0
CATALUNYA;CATALUNYA;2020-06-22;2020-06-28;Si;;;105.7516;44.1947;28;3062.0619;1940;0;2.0573;29;0;11
CATALUNYA;CATALUNYA;2020-06-22;2020-06-28;No;20.5966;1.3702;15.0318;8.7336;667;364.8762;27866;0;2.2644;176;34;11
CATALUNYA;CATALUNYA;2020-06-22;2020-06-28;--;;;0.0000;0.0000;16;0.0000;264;0;2.3438;8;1;0
CATALUNYA;CATALUNYA;2020-06-21;2020-06-27;Si;;;113.6435;44.1947;28;3002.0834;1902;0;2.1021;29;0;11
CATALUNYA;CATALUNYA;2020-06-21;2020-06-27;No;19.1708;1.32617;14.4557;8.4456;645;363.0038;27723;0;2.1592;171;34;13
CATALUNYA;CATALUNYA;2020-06-21;2020-06-27;--;;;0.0000;0.0000;16;0.0000;264;0;2.3438;8;1;0
CATALUNYA;CATALUNYA;2020-06-20;2020-06-26;No;17.7357;1.25883;14.0890;8.1968;626;361.5765;27614;0;2.1570;156;31;14
CATALUNYA;CATALUNYA;2020-06-20;2020-06-26;--;;;0.0000;0.0000;16;0.0000;252;0;2.4691;9;1;0
CATALUNYA;CATALUNYA;2020-06-20;2020-06-26;Si;;;113.6435;44.1947;28;3002.0834;1902;0;2.0849;32;0;14
CATALUNYA;CATALUNYA;2020-06-19;2020-06-25;No;15.6971;1.19641;13.1201;7.1362;545;348.6790;26629;0;1.8837;145;28;15
CATALUNYA;CATALUNYA;2020-06-19;2020-06-25;--;;;0.0000;0.0000;16;0.0000;240;0;2.1645;11;1;0
CATALUNYA;CATALUNYA;2020-06-19;2020-06-25;Si;;;124.6922;33.1460;21;2924.7427;1853;0;1.5798;34;0;13
CATALUNYA;CATALUNYA;2020-06-18;2020-06-24;--;;;0.0000;0.0000;15;0.0000;230;0;2.2624;10;0;0
CATALUNYA;CATALUNYA;2020-06-18;2020-06-24;Si;;;123.1138;42.6163;27;3194.6461;2024;0;2.1183;33;0;12
CATALUNYA;CATALUNYA;2020-06-18;2020-06-24;No;14.3955;1.18598;12.1380;6.5469;500;366.6177;27999;0;1.8556;146;34;16
CATALUNYA;CATALUNYA;2020-06-17;2020-06-23;Si;;;140.4760;56.8217;36;3849.6748;2439;0;2.2656;33;0;12
CATALUNYA;CATALUNYA;2020-06-17;2020-06-23;No;15.034;1.16211;12.9368;6.7302;514;414.2404;31636;0;1.6760;168;37;19
CATALUNYA;CATALUNYA;2020-06-17;2020-06-23;--;;;0.0000;0.0000;15;0.0000;257;0;2.0080;10;0;0
CATALUNYA;CATALUNYA;2020-06-16;2020-06-22;Si;;;142.0544;56.8217;36;4056.4429;2570;0;2.2644;35;0;13
CATALUNYA;CATALUNYA;2020-06-16;2020-06-22;No;14.1995;1.11797;12.7011;6.4029;489;415.9033;31763;0;1.5178;166;35;19
CATALUNYA;CATALUNYA;2020-06-16;2020-06-22;--;;;0.0000;0.0000;10;0.0000;265;0;1.1673;10;0;0
CATALUNYA;CATALUNYA;2020-06-15;2020-06-21;Si;;;176.7788;61.5569;39;4127.4701;2615;0;2.3711;31;1;17
CATALUNYA;CATALUNYA;2020-06-15;2020-06-21;No;13.615;1.07528;12.6618;6.2981;481;430.0186;32841;0;1.4304;139;18;21
CATALUNYA;CATALUNYA;2020-06-15;2020-06-21;--;;;0.0000;0.0000;10;0.0000;300;0;0.6849;5;0;0
CATALUNYA;CATALUNYA;2020-06-14;2020-06-20;No;13.1038;1.04245;12.5701;6.0101;459;429.5473;32805;0;1.3656;143;19;24
CATALUNYA;CATALUNYA;2020-06-14;2020-06-20;--;;;0.0000;0.0000;9;0.0000;304;0;0.6757;5;0;0
CATALUNYA;CATALUNYA;2020-06-14;2020-06-20;Si;;;192.5626;69.4488;44;4190.6054;2655;0;2.6698;33;1;20
CATALUNYA;CATALUNYA;2020-06-13;2020-06-19;No;12.2392;0.963631;12.7011;5.8922;450;430.8043;32901;0;1.2874;144;19;23
CATALUNYA;CATALUNYA;2020-06-13;2020-06-19;--;;;0.0000;0.0000;9;0.0000;301;0;0.6803;4;0;0
CATALUNYA;CATALUNYA;2020-06-13;2020-06-19;Si;;;195.7194;69.4488;44;4233.2217;2682;0;2.6574;29;1;20
CATALUNYA;CATALUNYA;2020-06-12;2020-06-18;--;;;0.0000;0.0000;8;0.0000;334;0;0.9202;3;0;0
CATALUNYA;CATALUNYA;2020-06-12;2020-06-18;Si;;;214.6600;91.5461;58;4761.9799;3017;0;3.3116;28;1;20
CATALUNYA;CATALUNYA;2020-06-12;2020-06-18;No;11.9737;0.869244;13.7748;5.9839;457;448.2061;34230;0;1.2840;152;23;23
CATALUNYA;CATALUNYA;2020-06-11;2020-06-17;--;;;0.0000;0.0000;8;0.0000;358;0;1.1396;3;0;0
CATALUNYA;CATALUNYA;2020-06-11;2020-06-17;Si;;;235.1789;80.4975;51;4858.2612;3078;0;2.8022;29;1;24
CATALUNYA;CATALUNYA;2020-06-11;2020-06-17;No;11.2453;0.801882;14.0236;5.5911;427;455.8137;34811;0;1.1857;145;21;22
CATALUNYA;CATALUNYA;2020-06-10;2020-06-16;Si;;;232.0222;83.6542;53;5041.3536;3194;0;2.8923;32;2;25
CATALUNYA;CATALUNYA;2020-06-10;2020-06-16;No;11.5382;0.781887;14.7568;6.2065;474;468.5542;35784;0;1.3491;127;19;23
CATALUNYA;CATALUNYA;2020-06-10;2020-06-16;--;;;0.0000;0.0000;10;0.0000;369;0;1.3850;5;0;0
CATALUNYA;CATALUNYA;2020-06-09;2020-06-15;Si;;;246.2276;85.2326;54;5440.6843;3447;0;3.1329;32;2;22
CATALUNYA;CATALUNYA;2020-06-09;2020-06-15;No;11.5848;0.772026;15.0056;6.2981;481;470.7670;35953;0;1.3514;125;19;25
CATALUNYA;CATALUNYA;2020-06-09;2020-06-15;--;;;0.0000;0.0000;8;0.0000;353;0;1.1628;4;0;0
CATALUNYA;CATALUNYA;2020-06-08;2020-06-14;Si;;;250.9628;115.2219;73;5745.3122;3640;0;3.3525;38;1;20
CATALUNYA;CATALUNYA;2020-06-08;2020-06-14;No;11.7143;0.791713;14.7961;6.3636;486;474.9702;36274;0;1.3190;131;21;30
CATALUNYA;CATALUNYA;2020-06-08;2020-06-14;--;;;0.0000;0.0000;7;0.0000;362;0;1.1331;5;0;0
CATALUNYA;CATALUNYA;2020-06-07;2020-06-13;No;13.0862;0.863047;15.1628;6.5600;501;481.4648;36770;0;1.3515;134;26;31
CATALUNYA;CATALUNYA;2020-06-07;2020-06-13;--;;;0.0000;0.0000;8;0.0000;367;0;1.3966;6;0;0
CATALUNYA;CATALUNYA;2020-06-07;2020-06-13;Si;;;247.8060;123.1138;78;5863.6908;3715;0;3.5154;36;1;19
CATALUNYA;CATALUNYA;2020-06-06;2020-06-12;--;;;0.0000;0.0000;10;0.0000;380;0;1.6173;6;0;0
CATALUNYA;CATALUNYA;2020-06-06;2020-06-12;Si;;;271.4817;126.2705;80;6067.3022;3844;0;3.5914;36;1;21
CATALUNYA;CATALUNYA;2020-06-06;2020-06-12;No;14.9761;0.942128;15.8960;6.8088;520;493.4327;37684;0;1.4033;148;32;33
CATALUNYA;CATALUNYA;2020-06-05;2020-06-11;--;;;0.0000;0.0000;9;0.0000;419;0;1.2165;7;0;0
CATALUNYA;CATALUNYA;2020-06-05;2020-06-11;Si;;;299.8926;123.1138;78;6379.8219;4042;0;3.3333;41;1;25
CATALUNYA;CATALUNYA;2020-06-05;2020-06-11;No;16.5289;0.990063;16.6947;7.7909;595;506.9718;38718;0;1.5861;165;28;33
CATALUNYA;CATALUNYA;2020-06-04;2020-06-10;Si;;;336.1954;154.6814;98;6907.0017;4376;0;3.3508;42;1;26
CATALUNYA;CATALUNYA;2020-06-04;2020-06-10;No;17.6912;1.00304;17.6375;8.4325;644;519.4766;39673;0;1.6767;168;29;34
CATALUNYA;CATALUNYA;2020-06-04;2020-06-10;--;;;0.0000;0.0000;8;0.0000;464;0;0.6593;10;1;0
CATALUNYA;CATALUNYA;2020-06-03;2020-06-09;Si;;;337.7738;148.3679;94;6927.5206;4389;0;3.2454;41;0;37
CATALUNYA;CATALUNYA;2020-06-03;2020-06-09;No;18.0357;0.993799;18.1482;8.5503;653;529.4018;40431;0;1.6560;179;27;34
CATALUNYA;CATALUNYA;2020-06-03;2020-06-09;--;;;0.0000;0.0000;6;0.0000;485;0;0.4202;10;1;0
CATALUNYA;CATALUNYA;2020-06-02;2020-06-08;Si;;;364.6063;160.9950;102;6618.1577;4193;0;3.1328;42;0;44
CATALUNYA;CATALUNYA;2020-06-02;2020-06-08;No;18.5109;0.972283;19.0386;8.7074;665;522.2656;39886;0;1.6909;189;26;34
CATALUNYA;CATALUNYA;2020-06-02;2020-06-08;--;;;0.0000;0.0000;6;0.0000;502;0;0.4049;9;2;0
CATALUNYA;CATALUNYA;2020-06-01;2020-06-07;No;19.1362;0.944699;20.2563;8.4325;644;497.2561;37976;0;1.7539;190;25;26
CATALUNYA;CATALUNYA;2020-06-01;2020-06-07;--;;;0.0000;0.0000;8;0.0000;458;0;0.8869;10;2;0
CATALUNYA;CATALUNYA;2020-06-01;2020-06-07;Si;;;396.1740;135.7408;86;6356.1462;4027;0;2.9197;37;0;46
CATALUNYA;CATALUNYA;2020-05-31;2020-06-06;No;18.468;0.870094;21.2253;8.6027;657;509.0145;38874;0;1.7459;194;20;26
CATALUNYA;CATALUNYA;2020-05-31;2020-06-06;--;;;0.0000;0.0000;7;0.0000;472;0;0.6466;10;3;0
CATALUNYA;CATALUNYA;2020-05-31;2020-06-06;Si;;;407.2226;124.6922;79;6698.6552;4244;0;2.4361;39;1;55
CATALUNYA;CATALUNYA;2020-05-30;2020-06-05;--;;;0.0000;0.0000;6;0.0000;534;0;0.5703;13;4;0
CATALUNYA;CATALUNYA;2020-05-30;2020-06-05;Si;;;445.1038;145.2111;92;7397.8786;4687;0;2.5260;40;1;57
CATALUNYA;CATALUNYA;2020-05-30;2020-06-05;No;16.8939;0.78623;21.4871;9.0872;694;526.4295;40204;0;1.7867;184;18;25
CATALUNYA;CATALUNYA;2020-05-29;2020-06-04;--;;;0.0000;0.0000;9;0.0000;522;0;1.3592;11;4;0
CATALUNYA;CATALUNYA;2020-05-29;2020-06-04;Si;;;494.0337;176.7788;112;7653.5766;4849;0;3.0403;37;1;62
CATALUNYA;CATALUNYA;2020-05-29;2020-06-04;No;16.4996;0.752293;21.9323;8.9038;680;529.0221;40402;0;1.6887;177;22;32
CATALUNYA;CATALUNYA;2020-05-28;2020-06-03;Si;;;520.8662;181.5139;115;8330.7026;5278;0;3.2632;45;2;64
CATALUNYA;CATALUNYA;2020-05-28;2020-06-03;No;17.6764;0.750816;23.5429;9.2050;703;542.9802;41468;0;1.6852;181;19;37
CATALUNYA;CATALUNYA;2020-05-28;2020-06-03;--;;;0.0000;0.0000;14;0.0000;600;0;2.0339;9;3;0
CATALUNYA;CATALUNYA;2020-05-27;2020-06-02;Si;;;612.4123;189.4058;120;8550.0978;5417;0;3.3217;41;2;59
CATALUNYA;CATALUNYA;2020-05-27;2020-06-02;No;18.5581;0.777032;23.8833;9.5978;733;541.9720;41391;0;1.7179;178;21;41
CATALUNYA;CATALUNYA;2020-05-27;2020-06-02;--;;;0.0000;0.0000;16;0.0000;684;0;2.0741;9;4;0
CATALUNYA;CATALUNYA;2020-05-26;2020-06-01;No;20.6751;0.814747;25.3760;10.3311;789;565.3185;43174;0;1.7949;176;28;48
CATALUNYA;CATALUNYA;2020-05-26;2020-06-01;--;;;0.0000;0.0000;16;0.0000;752;0;1.8919;11;3;0
CATALUNYA;CATALUNYA;2020-05-26;2020-06-01;Si;;;625.0394;203.6113;129;9628.1330;6100;0;3.3430;40;3;60
CATALUNYA;CATALUNYA;2020-05-25;2020-05-31;No;23.0152;0.846675;27.1830;11.8238;903;606.8525;46346;0;1.8975;181;33;53
CATALUNYA;CATALUNYA;2020-05-25;2020-05-31;--;;;0.0000;0.0000;14;0.0000;827;0;1.4760;12;3;0
CATALUNYA;CATALUNYA;2020-05-25;2020-05-31;Si;;;637.6665;260.4331;165;10772.4603;6825;0;3.5590;43;4;65
CATALUNYA;CATALUNYA;2020-05-24;2020-05-30;--;;;0.0000;0.0000;17;0.0000;881;0;1.7361;11;2;0
CATALUNYA;CATALUNYA;2020-05-24;2020-05-30;Si;;;643.9800;282.5304;179;11263.3373;7136;0;3.7235;52;3;63
CATALUNYA;CATALUNYA;2020-05-24;2020-05-30;No;23.6858;0.870088;27.2223;12.6225;964;614.4078;46923;0;2.0196;184;32;56
CATALUNYA;CATALUNYA;2020-05-23;2020-05-29;--;;;0.0000;0.0000;16;0.0000;898;0;1.5909;8;1;0
CATALUNYA;CATALUNYA;2020-05-23;2020-05-29;Si;;;651.8719;299.8926;190;12032.0095;7623;0;3.6450;57;3;72
CATALUNYA;CATALUNYA;2020-05-23;2020-05-29;No;25.3382;0.927221;27.3270;12.3999;947;612.7841;46799;0;1.9545;184;28;66
CATALUNYA;CATALUNYA;2020-05-22;2020-05-28;Si;;;664.4990;317.2548;201;13132.1421;8320;0;3.5023;63;3;72
CATALUNYA;CATALUNYA;2020-05-22;2020-05-28;No;28.1493;1.01358;27.7722;13.0284;995;612.9543;46812;0;2.0605;176;30;68
CATALUNYA;CATALUNYA;2020-05-22;2020-05-28;--;;;0.0000;0.0000;15;0.0000;926;0;1.3230;12;1;0
CATALUNYA;CATALUNYA;2020-05-21;2020-05-27;Si;;;707.1153;339.3522;215;14192.8152;8992;0;3.5397;63;2;76
CATALUNYA;CATALUNYA;2020-05-21;2020-05-27;No;30.3418;1.09407;27.7330;14.3378;1095;618.6764;47249;0;2.2972;202;34;76
CATALUNYA;CATALUNYA;2020-05-21;2020-05-27;--;;;0.0000;0.0000;10;0.0000;866;0;0.8235;15;1;0
CATALUNYA;CATALUNYA;2020-05-20;2020-05-26;Si;;;751.3100;423.0065;268;15564.4295;9861;0;4.0273;66;2;82
CATALUNYA;CATALUNYA;2020-05-20;2020-05-26;No;31.8692;1.14321;27.8770;14.2855;1091;623.1545;47591;0;2.2379;216;36;85
CATALUNYA;CATALUNYA;2020-05-20;2020-05-26;--;;;0.0000;0.0000;8;0.0000;807;0;0.7595;13;0;0
CATALUNYA;CATALUNYA;2020-05-19;2020-05-25;No;33.1714;1.18104;28.0865;15.0449;1149;632.3072;48290;0;2.3610;228;29;96
CATALUNYA;CATALUNYA;2020-05-19;2020-05-25;--;;;0.0000;0.0000;12;0.0000;740;0;1.2397;13;0;0
CATALUNYA;CATALUNYA;2020-05-19;2020-05-25;Si;;;782.8777;421.4281;267;16118.4418;10212;0;3.7076;72;2;84
CATALUNYA;CATALUNYA;2020-05-18;2020-05-24;No;33.409;1.18673;28.1520;15.3592;1173;637.9900;48724;0;2.3549;236;30;101
CATALUNYA;CATALUNYA;2020-05-18;2020-05-24;--;;;0.0000;0.0000;15;0.0000;695;0;1.6129;10;0;1
CATALUNYA;CATALUNYA;2020-05-18;2020-05-24;Si;;;759.2019;377.2334;239;16478.3130;10440;0;3.3570;73;2;75
CATALUNYA;CATALUNYA;2020-05-17;2020-05-23;--;;;0.0000;0.0000;12;0.0000;619;0;1.3115;11;0;1
CATALUNYA;CATALUNYA;2020-05-17;2020-05-23;Si;;;770.2506;361.4495;229;16590.3781;10511;0;3.1363;69;2;75
CATALUNYA;CATALUNYA;2020-05-17;2020-05-23;No;32.6626;1.18278;27.6151;14.5997;1115;625.0270;47734;0;2.2764;231;33;108
CATALUNYA;CATALUNYA;2020-05-16;2020-05-22;Si;;;822.3372;351.9792;223;16063.1984;10177;0;3.1791;66;2;72
CATALUNYA;CATALUNYA;2020-05-16;2020-05-22;No;32.0241;1.14876;27.8770;14.9271;1140;628.6671;48012;0;2.3652;236;35;109
CATALUNYA;CATALUNYA;2020-05-16;2020-05-22;--;;;0.0000;0.0000;12;0.0000;532;0;1.5267;15;0;1
CATALUNYA;CATALUNYA;2020-05-15;2020-05-21;Si;;;833.3859;347.2441;220;14964.6442;9481;0;3.3591;68;2;84
CATALUNYA;CATALUNYA;2020-05-15;2020-05-21;No;30.5294;1.12365;27.1699;14.7437;1126;609.7725;46569;0;2.3545;259;34;116
CATALUNYA;CATALUNYA;2020-05-15;2020-05-21;--;;;0.0000;0.0000;10;0.0000;441;0;1.3857;14;0;1
CATALUNYA;CATALUNYA;2020-05-14;2020-05-20;Si;;;847.5913;367.7631;233;14064.9662;8911;0;3.5188;76;2;87
CATALUNYA;CATALUNYA;2020-05-14;2020-05-20;No;28.3275;1.10944;25.5332;13.3951;1023;596.9928;45593;0;2.0928;250;33;113
CATALUNYA;CATALUNYA;2020-05-14;2020-05-20;--;;;0.0000;0.0000;12;0.0000;353;0;2.0231;13;0;1
CATALUNYA;CATALUNYA;2020-05-13;2020-05-19;No;28.7772;1.12016;25.6903;13.5915;1038;583.0608;44529;0;2.1582;266;36;113
CATALUNYA;CATALUNYA;2020-05-13;2020-05-19;--;;;0.0000;0.0000;13;0.0000;334;0;1.8405;14;0;1
CATALUNYA;CATALUNYA;2020-05-13;2020-05-19;Si;;;874.4238;328.3035;208;14060.2310;8908;0;3.1603;78;2;91
CATALUNYA;CATALUNYA;2020-05-12;2020-05-18;No;27.9131;1.11903;24.9439;13.0415;996;554.0446;42313;0;2.0499;281;44;114
CATALUNYA;CATALUNYA;2020-05-12;2020-05-18;--;;;0.0000;0.0000;8;0.0000;322;0;0.9554;16;0;2
CATALUNYA;CATALUNYA;2020-05-12;2020-05-18;Si;;;947.0294;361.4495;229;13758.7600;8717;0;3.5386;76;1;100
CATALUNYA;CATALUNYA;2020-05-11;2020-05-17;--;;;0.0000;0.0000;9;0.0000;314;0;0.6536;18;0;1
CATALUNYA;CATALUNYA;2020-05-11;2020-05-17;Si;;;1032.2621;381.9685;242;13711.4085;8687;0;3.8693;84;0;133
CATALUNYA;CATALUNYA;2020-05-11;2020-05-17;No;27.4423;1.12556;24.3809;12.7927;977;532.2694;40650;0;2.0903;298;39;122
CATALUNYA;CATALUNYA;2020-05-10;2020-05-16;--;;;0.0000;0.0000;9;0.0000;321;0;0.6410;17;0;1
CATALUNYA;CATALUNYA;2020-05-10;2020-05-16;Si;;;1049.6243;408.8010;259;13117.9367;8311;0;4.3760;88;0;150
CATALUNYA;CATALUNYA;2020-05-10;2020-05-16;No;27.6452;1.12903;24.4857;13.0153;994;526.2592;40191;0;2.1031;313;42;129
CATALUNYA;CATALUNYA;2020-05-09;2020-05-15;Si;;;1115.9164;470.3579;298;13198.4342;8362;0;4.8945;93;1;166
CATALUNYA;CATALUNYA;2020-05-09;2020-05-15;No;27.2718;1.11498;24.4595;12.9499;989;508.5038;38835;0;2.0804;337;43;126
CATALUNYA;CATALUNYA;2020-05-09;2020-05-15;--;;;0.0000;0.0000;10;0.0000;353;0;0.8746;13;0;1
CATALUNYA;CATALUNYA;2020-05-08;2020-05-14;Si;;;1163.2678;486.1418;308;13523.5810;8568;0;4.7644;98;2;169
CATALUNYA;CATALUNYA;2020-05-08;2020-05-14;No;26.0585;1.09287;23.8440;12.4261;949;493.6553;37701;0;2.0043;346;48;133
CATALUNYA;CATALUNYA;2020-05-08;2020-05-14;--;;;0.0000;0.0000;12;0.0000;367;0;0.8380;13;0;2
CATALUNYA;CATALUNYA;2020-05-07;2020-05-13;Si;;;1257.9708;479.8282;304;13536.2080;8576;0;4.5898;94;2;201
CATALUNYA;CATALUNYA;2020-05-07;2020-05-13;No;25.8275;1.03924;24.8523;12.1380;927;474.3810;36229;0;2.0722;355;51;155
CATALUNYA;CATALUNYA;2020-05-07;2020-05-13;--;;;0.0000;0.0000;12;0.0000;430;0;0.9501;12;1;2
CATALUNYA;CATALUNYA;2020-05-06;2020-05-12;No;25.5433;0.968605;26.3712;12.0988;924;478.2961;36528;0;2.0310;372;46;170
CATALUNYA;CATALUNYA;2020-05-06;2020-05-12;--;;;0.0000;0.0000;15;0.0000;440;0;1.6166;14;3;3
CATALUNYA;CATALUNYA;2020-05-06;2020-05-12;Si;;;1482.1011;546.1203;346;14052.3391;8903;0;4.6482;99;2;231
CATALUNYA;CATALUNYA;2020-05-05;2020-05-11;--;;;0.0000;0.0000;16;0.0000;458;0;1.7817;14;3;3
CATALUNYA;CATALUNYA;2020-05-05;2020-05-11;Si;;;1698.3395;585.5798;371;14421.6806;9137;0;4.5791;107;2;260
CATALUNYA;CATALUNYA;2020-05-05;2020-05-11;No;24.649;0.89727;27.4711;11.9024;909;472.9013;36116;0;2.0128;395;43;189
CATALUNYA;CATALUNYA;2020-05-04;2020-05-10;--;;;0.0000;0.0000;20;0.0000;499;0;2.2587;14;4;3
CATALUNYA;CATALUNYA;2020-05-04;2020-05-10;Si;;;1777.2586;650.2935;412;15057.7687;9540;0;4.5844;113;3;277
CATALUNYA;CATALUNYA;2020-05-04;2020-05-10;No;24.108;0.850809;28.3353;11.5881;885;472.2859;36069;0;2.0052;400;43;201
CATALUNYA;CATALUNYA;2020-05-03;2020-05-09;Si;;;1920.8914;640.8232;406;15925.8791;10090;0;4.1598;112;4;301
CATALUNYA;CATALUNYA;2020-05-03;2020-05-09;No;23.3479;0.801395;29.1340;11.4703;876;479.1079;36590;0;1.9993;400;40;215
CATALUNYA;CATALUNYA;2020-05-03;2020-05-09;--;;;0.0000;0.0000;22;0.0000;507;0;2.6210;17;4;3
CATALUNYA;CATALUNYA;2020-05-02;2020-05-08;Si;;;2042.4269;645.5584;409;15828.0194;10028;0;3.8766;120;3;329
CATALUNYA;CATALUNYA;2020-05-02;2020-05-08;No;22.896;0.757295;30.2339;11.5095;879;478.6103;36552;0;2.0330;390;41;239
CATALUNYA;CATALUNYA;2020-05-02;2020-05-08;--;;;0.0000;0.0000;22;0.0000;513;0;2.5896;20;4;4
CATALUNYA;CATALUNYA;2020-05-01;2020-05-07;Si;;;2321.8006;677.1260;429;16427.8047;10408;0;3.6183;116;2;367
CATALUNYA;CATALUNYA;2020-05-01;2020-05-07;No;22.8479;0.678693;33.6645;11.4179;872;462.0334;35286;0;2.1566;380;33;238
CATALUNYA;CATALUNYA;2020-05-01;2020-05-07;--;;;0.0000;0.0000;22;0.0000;618;0;2.6446;28;6;5
CATALUNYA;CATALUNYA;2020-04-30;2020-05-06;No;24.105;0.656769;36.7023;12.7142;971;482.6433;36860;0;2.3314;332;23;242
CATALUNYA;CATALUNYA;2020-04-30;2020-05-06;--;;;0.0000;0.0000;26;0.0000;680;0;2.5526;26;5;5
CATALUNYA;CATALUNYA;2020-04-30;2020-05-06;Si;;;2730.6016;778.1425;493;18143.5065;11495;0;3.7810;100;2;376
CATALUNYA;CATALUNYA;2020-04-29;2020-05-05;No;26.1615;0.63874;40.9579;14.2724;1090;484.9740;37038;0;2.6042;259;20;250
CATALUNYA;CATALUNYA;2020-04-29;2020-05-05;--;;;0.0000;0.0000;30;0.0000;706;0;2.6277;23;3;4
CATALUNYA;CATALUNYA;2020-04-29;2020-05-05;Si;;;3212.0083;935.9808;593;18719.6161;11860;0;3.7066;88;2;394
CATALUNYA;CATALUNYA;2020-04-28;2020-05-04;--;;;0.0000;0.0000;40;0.0000;800;0;3.3376;19;3;4
CATALUNYA;CATALUNYA;2020-04-28;2020-05-04;Si;;;3808.6369;1112.7596;705;20028.0952;12689;0;4.5077;69;2;423
CATALUNYA;CATALUNYA;2020-04-28;2020-05-04;No;28.3733;0.639015;44.4016;15.5687;1189;503.0960;38422;0;2.8952;178;13;259
CATALUNYA;CATALUNYA;2020-04-27;2020-05-03;--;;;0.0000;0.0000;44;0.0000;771;0;4.2497;17;2;4
CATALUNYA;CATALUNYA;2020-04-27;2020-05-03;Si;;;4267.9462;1126.9650;714;20852.0108;13211;0;4.2622;48;1;447
CATALUNYA;CATALUNYA;2020-04-27;2020-05-03;No;31.1514;0.638333;48.8011;16.7471;1279;500.6998;38239;0;3.1085;118;9;265
CATALUNYA;CATALUNYA;2020-04-26;2020-05-02;Si;;;4589.9362;1280.0681;811;21521.2450;13635;0;4.9052;36;0;467
CATALUNYA;CATALUNYA;2020-04-26;2020-05-02;No;33.6115;0.66484;50.5557;17.6637;1349;515.2603;39351;0;3.2226;83;6;285
CATALUNYA;CATALUNYA;2020-04-26;2020-05-02;--;;;0.0000;0.0000;45;0.0000;773;0;4.3941;14;2;4
CATALUNYA;CATALUNYA;2020-04-25;2020-05-01;Si;;;5110.8024;1396.8684;885;22555.0855;14290;0;5.4486;17;0;489
CATALUNYA;CATALUNYA;2020-04-25;2020-05-01;No;36.4087;0.688431;52.8864;18.7243;1430;526.4033;40202;0;3.4296;46;2;304
CATALUNYA;CATALUNYA;2020-04-25;2020-05-01;--;;;0.0000;0.0000;48;0.0000;750;0;4.6703;11;2;3
CATALUNYA;CATALUNYA;2020-04-24;2020-04-30;No;42.9276;0.734743;58.4252;22.2466;1699;550.9021;42073;0;3.9677;0;0;341
CATALUNYA;CATALUNYA;2020-04-24;2020-04-30;--;;;0.0000;0.0000;57;0.0000;644;0;6.6236;0;0;1
CATALUNYA;CATALUNYA;2020-04-24;2020-04-30;Si;;;6545.5521;1644.6745;1042;24417.5768;15470;0;6.5544;0;0;513
CATALUNYA;CATALUNYA;2020-04-23;2020-04-29;No;46.9114;0.753612;62.2486;23.9881;1832;536.6296;40983;0;4.5626;0;0;357
CATALUNYA;CATALUNYA;2020-04-23;2020-04-29;--;;;0.0000;0.0000;53;0.0000;547;0;7.7220;0;0;2
CATALUNYA;CATALUNYA;2020-04-23;2020-04-29;Si;;;7416.8192;1952.4591;1237;23732.5588;15036;0;8.0805;0;0;536
CATALUNYA;CATALUNYA;2020-04-22;2020-04-28;--;;;0.0000;0.0000;56;0.0000;507;0;9.5041;0;0;5
CATALUNYA;CATALUNYA;2020-04-22;2020-04-28;Si;;;8283.3512;2276.0275;1442;24984.2161;15829;0;10.4645;0;0;560
CATALUNYA;CATALUNYA;2020-04-22;2020-04-28;No;51.8729;0.785719;66.0197;26.6854;2038;534.3775;40811;0;5.3152;0;0;374
CATALUNYA;CATALUNYA;2020-04-21;2020-04-27;--;;;0.0000;0.0000;52;0.0000;407;0;10.9375;0;0;4
CATALUNYA;CATALUNYA;2020-04-21;2020-04-27;Si;;;8903.6555;2695.8772;1708;26150.6408;16568;0;11.9070;0;0;607
CATALUNYA;CATALUNYA;2020-04-21;2020-04-27;No;57.1702;0.806307;70.9037;28.8328;2202;515.9543;39404;0;6.0311;0;0;397
CATALUNYA;CATALUNYA;2020-04-20;2020-04-26;Si;;;9246.1645;3140.9811;1990;26122.2299;16550;0;14.1904;0;0;644
CATALUNYA;CATALUNYA;2020-04-20;2020-04-26;No;61.3704;0.832491;73.7189;32.0540;2448;513.6890;39231;0;6.8443;0;0;435
CATALUNYA;CATALUNYA;2020-04-20;2020-04-26;--;;;0.0000;0.0000;44;0.0000;373;0;10.0575;0;0;5
CATALUNYA;CATALUNYA;2020-04-19;2020-04-25;Si;;;9367.6999;3309.8680;2097;26257.9708;16636;0;15.0094;0;0;704
CATALUNYA;CATALUNYA;2020-04-19;2020-04-25;No;64.4527;0.84373;76.3901;32.8920;2512;498.5786;38077;0;7.3576;0;0;449
CATALUNYA;CATALUNYA;2020-04-19;2020-04-25;--;;;0.0000;0.0000;42;0.0000;363;0;9.3567;0;0;6
CATALUNYA;CATALUNYA;2020-04-18;2020-04-24;Si;;;9779.6578;3713.9339;2353;27373.8872;17343;0;16.1592;0;0;762
CATALUNYA;CATALUNYA;2020-04-18;2020-04-24;No;68.6624;0.865032;79.3755;34.1621;2609;486.7548;37174;0;7.8417;0;0;462
CATALUNYA;CATALUNYA;2020-04-18;2020-04-24;--;;;0.0000;0.0000;43;0.0000;356;0;9.8802;0;0;8
CATALUNYA;CATALUNYA;2020-04-17;2020-04-23;No;71.0281;0.872806;81.3789;36.1786;2763;467.5983;35711;0;8.6902;0;0;494
CATALUNYA;CATALUNYA;2020-04-17;2020-04-23;--;;;0.0000;0.0000;40;0.0000;333;0;8.5443;0;0;10
CATALUNYA;CATALUNYA;2020-04-17;2020-04-23;Si;;;10259.4860;4900.8775;3105;27009.2808;17112;0;19.4908;0;0;829
CATALUNYA;CATALUNYA;2020-04-16;2020-04-22;No;76.4523;0.879992;86.8784;38.2605;2922;450.4190;34399;0;9.6450;0;0;523
CATALUNYA;CATALUNYA;2020-04-16;2020-04-22;--;;;0.0000;0.0000;42;0.0000;306;0;9.8639;0;0;11
CATALUNYA;CATALUNYA;2020-04-16;2020-04-22;Si;;;10663.5519;5464.3601;3462;27252.3517;17266;0;21.2535;0;0;906
CATALUNYA;CATALUNYA;2020-04-15;2020-04-21;--;;;0.0000;0.0000;40;0.0000;314;0;8.3893;0;0;13
CATALUNYA;CATALUNYA;2020-04-15;2020-04-21;Si;;;10857.6930;6007.3236;3806;25577.6879;16205;0;23.6348;0;0;979
CATALUNYA;CATALUNYA;2020-04-15;2020-04-21;No;78.9826;0.869664;90.8196;39.3342;3004;425.8155;32520;0;10.5606;0;0;555
CATALUNYA;CATALUNYA;2020-04-14;2020-04-20;Si;;;10796.1361;6207.7782;3933;22701.8751;14383;0;26.7973;0;0;1019
CATALUNYA;CATALUNYA;2020-04-14;2020-04-20;No;82.425;0.864207;95.3763;42.0708;3213;409.6706;31287;0;11.6779;0;0;588
CATALUNYA;CATALUNYA;2020-04-14;2020-04-20;--;;;0.0000;0.0000;41;0.0000;297;0;8.1272;0;0;13
CATALUNYA;CATALUNYA;2020-04-13;2020-04-19;Si;;;10816.6550;6105.1834;3868;20492.1396;12983;0;27.9924;0;0;1080
CATALUNYA;CATALUNYA;2020-04-13;2020-04-19;No;86.9431;0.847364;102.6042;41.6649;3182;381.5055;29136;0;12.3039;0;0;596
CATALUNYA;CATALUNYA;2020-04-13;2020-04-19;--;;;0.0000;0.0000;40;0.0000;281;0;8.5821;0;0;12
CATALUNYA;CATALUNYA;2020-04-12;2020-04-18;Si;;;10687.2277;6057.8319;3838;19505.6506;12358;0;29.2587;0;0;1154
CATALUNYA;CATALUNYA;2020-04-12;2020-04-18;No;87.4165;0.827376;105.6551;43.4981;3322;377.9309;28863;0;12.9159;0;0;623
CATALUNYA;CATALUNYA;2020-04-12;2020-04-18;--;;;0.0000;0.0000;42;0.0000;276;0;8.7786;0;0;12
CATALUNYA;CATALUNYA;2020-04-11;2020-04-17;No;86.306;0.791936;108.9810;45.2134;3453;370.1269;28267;0;13.7428;0;0;673
CATALUNYA;CATALUNYA;2020-04-11;2020-04-17;--;;;0.0000;0.0000;41;0.0000;308;0;7.6125;0;0;12
CATALUNYA;CATALUNYA;2020-04-11;2020-04-17;Si;;;10420.4810;6065.7238;3843;17908.3275;11346;0;31.9326;0;0;1216
CATALUNYA;CATALUNYA;2020-04-10;2020-04-16;No;87.9184;0.769827;114.2055;45.2003;3452;345.4971;26386;0;14.7385;0;0;707
CATALUNYA;CATALUNYA;2020-04-10;2020-04-16;--;;;0.0000;0.0000;38;0.0000;283;0;8.6792;0;0;11
CATALUNYA;CATALUNYA;2020-04-10;2020-04-16;Si;;;9539.7436;5358.6084;3395;15502.8726;9822;0;33.1602;0;0;1252
CATALUNYA;CATALUNYA;2020-04-09;2020-04-15;--;;;0.0000;0.0000;54;0.0000;296;0;11.6364;0;0;10
CATALUNYA;CATALUNYA;2020-04-09;2020-04-15;Si;;;8976.2611;5199.1918;3294;14296.9884;9058;0;34.3619;0;0;1300
CATALUNYA;CATALUNYA;2020-04-09;2020-04-15;No;92.1927;0.760845;121.1714;48.6178;3713;344.4234;26304;0;15.8558;0;0;781
CATALUNYA;CATALUNYA;2020-04-08;2020-04-14;--;;;0.0000;0.0000;54;0.0000;283;0;11.7424;0;0;7
CATALUNYA;CATALUNYA;2020-04-08;2020-04-14;Si;;;8368.5838;4850.3693;3073;12759.6439;8084;0;35.3466;0;0;1337
CATALUNYA;CATALUNYA;2020-04-08;2020-04-14;No;98.2542;0.770251;127.5613;51.4854;3932;344.5544;26314;0;16.9391;0;0;834
CATALUNYA;CATALUNYA;2020-04-07;2020-04-13;Si;;;7906.1178;4588.3578;2907;11757.3710;7449;0;35.9859;0;0;1393
CATALUNYA;CATALUNYA;2020-04-07;2020-04-13;No;105.15;0.78018;134.7761;53.3055;4071;345.8114;26410;0;17.9701;0;0;873
CATALUNYA;CATALUNYA;2020-04-07;2020-04-13;--;;;0.0000;0.0000;57;0.0000;267;0;14.5749;0;0;8
CATALUNYA;CATALUNYA;2020-04-06;2020-04-12;Si;;;7921.9016;4711.4716;2985;11465.3702;7264;0;38.0561;0;0;1406
CATALUNYA;CATALUNYA;2020-04-06;2020-04-12;No;118.317;0.78793;150.1615;60.9392;4654;360.0576;27498;0;19.4753;0;0;948
CATALUNYA;CATALUNYA;2020-04-06;2020-04-12;--;;;0.0000;0.0000;65;0.0000;292;0;15.1292;0;0;10
CATALUNYA;CATALUNYA;2020-04-05;2020-04-11;Si;;;7980.3017;4629.3957;2933;10684.0709;6769;0;39.7594;0;0;1398
CATALUNYA;CATALUNYA;2020-04-05;2020-04-11;No;121.856;0.781447;155.9359;62.1570;4747;358.8137;27403;0;20.1665;0;0;998
CATALUNYA;CATALUNYA;2020-04-05;2020-04-11;--;;;0.0000;0.0000;70;0.0000;301;0;17.1429;0;0;11
CATALUNYA;CATALUNYA;2020-04-04;2020-04-10;No;124.669;0.766104;162.7317;63.7675;4870;359.3113;27441;0;21.2192;0;0;1046
CATALUNYA;CATALUNYA;2020-04-04;2020-04-10;--;;;0.0000;0.0000;73;0.0000;276;0;20.1550;0;0;12
CATALUNYA;CATALUNYA;2020-04-04;2020-04-10;Si;;;7696.1929;4354.7572;2759;9636.0250;6105;0;41.4929;0;0;1384
CATALUNYA;CATALUNYA;2020-04-03;2020-04-09;--;;;0.0000;0.0000;79;0.0000;350;0;18.2099;0;0;14
CATALUNYA;CATALUNYA;2020-04-03;2020-04-09;Si;;;7224.2565;4181.1351;2649;9160.9318;5804;0;43.5628;0;0;1390
CATALUNYA;CATALUNYA;2020-04-03;2020-04-09;No;130.143;0.749788;173.5735;69.0051;5270;373.4004;28517;0;22.4621;0;0;1105
CATALUNYA;CATALUNYA;2020-04-02;2020-04-08;--;;;0.0000;0.0000;69;0.0000;350;0;16.8750;0;0;15
CATALUNYA;CATALUNYA;2020-04-02;2020-04-08;Si;;;6727.0661;3777.0692;2393;7872.9717;4988;0;46.6773;0;0;1370
CATALUNYA;CATALUNYA;2020-04-02;2020-04-08;No;136.064;0.73902;184.1141;72.5536;5541;367.3771;28057;0;24.0623;0;0;1154
CATALUNYA;CATALUNYA;2020-04-01;2020-04-07;Si;;;6209.3566;3518.2145;2229;7189.5321;4555;0;48.8805;0;0;1325
CATALUNYA;CATALUNYA;2020-04-01;2020-04-07;No;144.01;0.737691;195.2178;76.0758;5810;359.4553;27452;0;25.6473;0;0;1212
CATALUNYA;CATALUNYA;2020-04-01;2020-04-07;--;;;0.0000;0.0000;74;0.0000;356;0;19.0184;0;0;15
CATALUNYA;CATALUNYA;2020-03-31;2020-04-06;Si;;;5879.4747;3317.7599;2102;6689.1849;4238;0;50.3101;0;0;1247
CATALUNYA;CATALUNYA;2020-03-31;2020-04-06;No;154.523;0.743893;207.7225;81.4706;6222;355.5009;27150;0;28.0686;0;0;1320
CATALUNYA;CATALUNYA;2020-03-31;2020-04-06;--;;;0.0000;0.0000;81;0.0000;371;0;20.4678;0;0;15
CATALUNYA;CATALUNYA;2020-03-30;2020-04-05;Si;;;5544.8576;3210.4299;2034;6731.8012;4265;0;49.3052;0;0;1213
CATALUNYA;CATALUNYA;2020-03-30;2020-04-05;No;168.052;0.756786;222.0604;89.2222;6814;363.7894;27783;0;29.4433;0;0;1420
CATALUNYA;CATALUNYA;2020-03-30;2020-04-05;--;;;0.0000;0.0000;80;0.0000;334;0;22.4026;0;0;16
CATALUNYA;CATALUNYA;2020-03-29;2020-04-04;No;176.403;0.773635;228.0181;93.7789;7162;374.1336;28573;0;30.6263;0;0;1497
CATALUNYA;CATALUNYA;2020-03-29;2020-04-04;--;;;0.0000;0.0000;82;0.0000;338;0;22.3642;0;0;16
CATALUNYA;CATALUNYA;2020-03-29;2020-04-04;Si;;;5454.8898;3350.9059;2123;6954.3531;4406;0;50.0896;0;0;1140
CATALUNYA;CATALUNYA;2020-03-28;2020-04-03;No;188.101;0.804427;233.8319;98.9641;7558;381.4270;29130;0;32.3292;0;0;1561
CATALUNYA;CATALUNYA;2020-03-28;2020-04-03;--;;;0.0000;0.0000;88;0.0000;323;0;24.8344;0;0;15
CATALUNYA;CATALUNYA;2020-03-28;2020-04-03;Si;;;5243.3865;3341.4356;2117;6927.5206;4389;0;50.0388;0;0;1056
CATALUNYA;CATALUNYA;2020-03-27;2020-04-02;--;;;0.0000;0.0000;91;0.0000;253;0;31.0924;0;0;14
CATALUNYA;CATALUNYA;2020-03-27;2020-04-02;Si;;;4754.0880;3043.1214;1928;6188.8376;3921;0;50.8504;0;0;961
CATALUNYA;CATALUNYA;2020-03-27;2020-04-02;No;206.879;0.858068;241.0990;104.5683;7986;372.0386;28413;0;34.5847;0;0;1613
CATALUNYA;CATALUNYA;2020-03-26;2020-04-01;--;;;0.0000;0.0000;92;0.0000;217;0;37.0192;0;0;13
CATALUNYA;CATALUNYA;2020-03-26;2020-04-01;Si;;;4435.2547;2949.9968;1869;5840.0151;3700;0;51.2276;0;0;862
CATALUNYA;CATALUNYA;2020-03-26;2020-04-01;No;225.887;0.921294;245.1843;111.5605;8520;366.4737;27988;0;37.2810;0;0;1628
CATALUNYA;CATALUNYA;2020-03-25;2020-03-31;Si;;;3994.8860;2691.1421;1705;5268.6406;3338;0;52.1638;0;0;765
CATALUNYA;CATALUNYA;2020-03-25;2020-03-31;No;245.803;0.989939;248.3007;119.1419;9099;363.0299;27725;0;39.3454;0;0;1638
CATALUNYA;CATALUNYA;2020-03-25;2020-03-31;--;;;0.0000;0.0000;96;0.0000;180;0;46.5116;0;0;13
CATALUNYA;CATALUNYA;2020-03-24;2020-03-30;Si;;;3641.3283;2561.7147;1623;4968.7480;3148;0;52.3509;0;0;675
CATALUNYA;CATALUNYA;2020-03-24;2020-03-30;No;263.842;1.06851;246.9258;126.2519;9642;356.2866;27210;0;40.9389;0;0;1566
CATALUNYA;CATALUNYA;2020-03-24;2020-03-30;--;;;0.0000;0.0000;90;0.0000;178;0;43.8596;0;0;13
CATALUNYA;CATALUNYA;2020-03-23;2020-03-29;No;275.744;1.13826;242.2513;132.8382;10145;340.1941;25981;0;42.2314;0;0;1456
CATALUNYA;CATALUNYA;2020-03-23;2020-03-29;--;;;0.0000;0.0000;92;0.0000;182;0;45.1429;0;0;12
CATALUNYA;CATALUNYA;2020-03-23;2020-03-29;Si;;;3219.9002;2334.4276;1479;4316.8760;2735;0;54.2332;0;0;577
CATALUNYA;CATALUNYA;2020-03-22;2020-03-28;No;289.553;1.21703;237.9172;134.2392;10252;332.8484;25420;0;42.6471;0;0;1345
CATALUNYA;CATALUNYA;2020-03-22;2020-03-28;--;;;0.0000;0.0000;92;0.0000;178;0;47.0588;0;0;10
CATALUNYA;CATALUNYA;2020-03-22;2020-03-28;Si;;;2920.0075;2103.9838;1333;3729.7177;2363;0;53.8147;0;0;494
CATALUNYA;CATALUNYA;2020-03-21;2020-03-27;--;;;0.0000;0.0000;88;0.0000;185;0;44.0678;0;0;8
CATALUNYA;CATALUNYA;2020-03-21;2020-03-27;Si;;;2588.5472;1901.9508;1205;3140.9811;1990;0;54.4125;0;0;423
CATALUNYA;CATALUNYA;2020-03-21;2020-03-27;No;309.236;1.34224;230.3881;134.8677;10300;323.3945;24698;0;42.9293;0;0;1208
CATALUNYA;CATALUNYA;2020-03-20;2020-03-26;--;;;0.0000;0.0000;74;0.0000;171;0;40.6061;0;0;6
CATALUNYA;CATALUNYA;2020-03-20;2020-03-26;Si;;;2236.5679;1710.9666;1084;2815.8343;1784;0;52.9002;0;0;345
CATALUNYA;CATALUNYA;2020-03-20;2020-03-26;No;349.668;1.59468;219.2714;136.5307;10427;314.7132;24035;0;43.1675;0;0;1055
CATALUNYA;CATALUNYA;2020-03-19;2020-03-25;Si;;;1859.3345;1485.2579;941;2538.0390;1608;0;51.4139;0;0;288
CATALUNYA;CATALUNYA;2020-03-19;2020-03-25;No;374.001;1.83932;203.3360;133.6238;10205;303.7012;23194;0;42.1108;0;0;893
CATALUNYA;CATALUNYA;2020-03-19;2020-03-25;--;;;0.0000;0.0000;70;0.0000;170;0;38.5542;0;0;5
CATALUNYA;CATALUNYA;2020-03-18;2020-03-24;Si;;;1573.6473;1303.7439;826;2293.3897;1453;0;48.5775;0;0;249
CATALUNYA;CATALUNYA;2020-03-18;2020-03-24;No;392.65;2.12584;184.7033;129.1588;9864;288.1325;22005;0;40.9305;0;0;746
CATALUNYA;CATALUNYA;2020-03-18;2020-03-24;--;;;0.0000;0.0000;61;0.0000;155;0;36.3636;0;0;3
CATALUNYA;CATALUNYA;2020-03-17;2020-03-23;Si;;;1257.9708;1079.6136;684;1947.7239;1234;0;46.6946;0;0;218
CATALUNYA;CATALUNYA;2020-03-17;2020-03-23;No;410.941;2.50171;164.2637;120.6739;9216;267.8369;20455;0;38.9232;0;0;603
CATALUNYA;CATALUNYA;2020-03-17;2020-03-23;--;;;0.0000;0.0000;53;0.0000;115;0;42.9825;0;0;2
CATALUNYA;CATALUNYA;2020-03-16;2020-03-22;No;411.181;2.99355;137.3556;109.4131;8356;250.9588;19166;0;37.3404;0;0;480
CATALUNYA;CATALUNYA;2020-03-16;2020-03-22;--;;;0.0000;0.0000;43;0.0000;101;0;40.0000;0;0;0
CATALUNYA;CATALUNYA;2020-03-16;2020-03-22;Si;;;1003.8512;885.4725;561;1701.4963;1078;0;45.4981;0;0;182
CATALUNYA;CATALUNYA;2020-03-15;2020-03-21;No;445.455;3.53637;125.9638;103.6779;7918;241.1645;18418;0;35.8582;0;0;395
CATALUNYA;CATALUNYA;2020-03-15;2020-03-21;--;;;0.0000;0.0000;36;0.0000;95;0;35.7895;0;0;0
CATALUNYA;CATALUNYA;2020-03-15;2020-03-21;Si;;;872.8455;816.0237;517;1628.8907;1032;0;44.5219;0;0;158
CATALUNYA;CATALUNYA;2020-03-14;2020-03-20;--;;;0.0000;0.0000;31;0.0000;81;0;35.8025;0;0;0
CATALUNYA;CATALUNYA;2020-03-14;2020-03-20;Si;;;730.7910;686.5963;435;1373.1927;870;0;42.5059;0;0;144
CATALUNYA;CATALUNYA;2020-03-14;2020-03-20;No;452.179;3.98677;113.4198;95.5204;7295;227.7955;17397;0;33.0493;0;0;332
CATALUNYA;CATALUNYA;2020-03-13;2020-03-19;Si;;;549.2771;525.6013;333;1163.2678;737;0;39.0345;0;0;131
CATALUNYA;CATALUNYA;2020-03-13;2020-03-19;No;398.809;4.25384;93.7527;82.7407;6319;207.4475;15843;0;29.5345;0;0;266
CATALUNYA;CATALUNYA;2020-03-13;2020-03-19;--;;;0.0000;0.0000;32;0.0000;84;0;35.7143;0;0;0
CATALUNYA;CATALUNYA;2020-03-12;2020-03-18;Si;;;383.5469;374.0766;237;926.5105;587;0;35.8261;0;0;108
CATALUNYA;CATALUNYA;2020-03-12;2020-03-18;No;346.643;4.54013;76.3508;69.7122;5324;177.0565;13522;0;27.0190;0;0;219
CATALUNYA;CATALUNYA;2020-03-12;2020-03-18;--;;;0.0000;0.0000;24;0.0000;64;0;34.3750;0;0;0
CATALUNYA;CATALUNYA;2020-03-11;2020-03-17;Si;;;274.6385;269.9034;171;713.4288;452;0;33.8600;0;0;93
CATALUNYA;CATALUNYA;2020-03-11;2020-03-17;No;284.823;4.77861;59.6036;55.5445;4242;145.7619;11132;0;25.1458;0;0;161
CATALUNYA;CATALUNYA;2020-03-11;2020-03-17;--;;;0.0000;0.0000;15;0.0000;47;0;29.7872;0;0;1
CATALUNYA;CATALUNYA;2020-03-10;2020-03-16;No;225.282;4.93404;45.6586;43.5897;3329;117.3218;8960;0;23.4013;0;0;126
CATALUNYA;CATALUNYA;2020-03-10;2020-03-16;--;;;0.0000;0.0000;11;0.0000;37;0;27.0270;0;0;1
CATALUNYA;CATALUNYA;2020-03-10;2020-03-16;Si;;;179.9356;178.3572;113;572.9528;363;0;28.8515;0;0;75
CATALUNYA;CATALUNYA;2020-03-09;2020-03-15;No;144.23;5.0;28.8459;27.9425;2134;90.3221;6898;0;20.9051;0;0;103
CATALUNYA;CATALUNYA;2020-03-09;2020-03-15;--;;;0.0000;0.0000;9;0.0000;34;0;23.5294;0;0;1
CATALUNYA;CATALUNYA;2020-03-09;2020-03-15;Si;;;119.9570;118.3786;75;441.9470;280;0;26.1818;0;0;57
CATALUNYA;CATALUNYA;2020-03-08;2020-03-14;--;;;0.0000;0.0000;6;0.0000;25;0;20.0000;0;0;1
CATALUNYA;CATALUNYA;2020-03-08;2020-03-14;Si;;;58.4001;56.8217;36;320.4116;203;0;16.5829;0;0;42
CATALUNYA;CATALUNYA;2020-03-08;2020-03-14;No;107.113;4.63736;23.0977;22.2859;1702;71.5322;5463;0;18.6367;0;0;77
CATALUNYA;CATALUNYA;2020-03-07;2020-03-13;--;;;0.0000;0.0000;2;0.0000;16;0;6.2500;0;0;1
CATALUNYA;CATALUNYA;2020-03-07;2020-03-13;Si;;;44.1947;44.1947;28;265.1682;168;0;14.4578;0;0;25
CATALUNYA;CATALUNYA;2020-03-07;2020-03-13;No;;;18.5672;17.8994;1367;50.5033;3857;0;18.4420;0;0;50
CATALUNYA;CATALUNYA;2020-03-06;2020-03-12;Si;;;23.6757;23.6757;15;179.9356;114;0;9.7345;0;0;15
CATALUNYA;CATALUNYA;2020-03-06;2020-03-12;No;;;11.5095;11.0120;841;26.4890;2023;0;19.5269;0;0;30
CATALUNYA;CATALUNYA;2020-03-06;2020-03-12;--;;;0.0000;0.0000;0;0.0000;9;0;0.0000;0;0;1
CATALUNYA;CATALUNYA;2020-03-05;2020-03-11;Si;;;9.4702;9.4702;6;113.6435;72;0;4.1667;0;0;10
CATALUNYA;CATALUNYA;2020-03-05;2020-03-11;No;;;6.9005;6.6386;507;14.3902;1099;0;16.9444;0;0;17
CATALUNYA;CATALUNYA;2020-03-05;2020-03-11;--;;;0.0000;0.0000;0;0.0000;7;0;0.0000;0;0;1
CATALUNYA;CATALUNYA;2020-03-04;2020-03-10;Si;;;4.7351;4.7351;3;69.4488;44;0;2.2727;0;0;6
CATALUNYA;CATALUNYA;2020-03-04;2020-03-10;No;;;4.2293;4.0591;310;8.5634;654;0;14.5736;0;0;12
CATALUNYA;CATALUNYA;2020-03-04;2020-03-10;--;;;0.0000;0.0000;0;0.0000;5;0;0.0000;0;0;0
CATALUNYA;CATALUNYA;2020-03-03;2020-03-09;No;;;2.1343;2.0688;158;4.8447;370;0;7.9670;0;0;9
CATALUNYA;CATALUNYA;2020-03-03;2020-03-09;--;;;0.0000;0.0000;0;0.0000;2;0;0.0000;0;0;0
CATALUNYA;CATALUNYA;2020-03-03;2020-03-09;Si;;;1.5783;1.5783;1;33.1460;21;0;0.0000;0;0;3
CATALUNYA;CATALUNYA;2020-03-02;2020-03-08;--;;;0.0000;0.0000;1;0.0000;1;0;100.0000;0;0;0
CATALUNYA;CATALUNYA;2020-03-02;2020-03-08;Si;;;1.5783;1.5783;1;20.5189;13;0;0.0000;0;0;2
CATALUNYA;CATALUNYA;2020-03-02;2020-03-08;No;;;0.9165;0.9034;69;3.9936;305;0;5.3333;0;0;5
CATALUNYA;CATALUNYA;2020-03-01;2020-03-07;--;;;0.0000;0.0000;2;0.0000;3;0;33.3333;0;0;0
CATALUNYA;CATALUNYA;2020-03-01;2020-03-07;Si;;;1.5783;1.5783;1;12.6270;8;0;0.0000;0;0;0
CATALUNYA;CATALUNYA;2020-03-01;2020-03-07;No;;;0.8118;0.8118;62;3.6270;277;0;4.3956;0;0;2
CATALUNYA;CATALUNYA;2020-02-29;2020-03-06;Si;;;0.0000;0.0000;0;4.7351;3;0;0.0000;0;0;0
CATALUNYA;CATALUNYA;2020-02-29;2020-03-06;No;;;0.6677;0.6677;51;2.6056;199;0;5.1282;0;0;0
CATALUNYA;CATALUNYA;2020-02-29;2020-03-06;--;;;0.0000;0.0000;2;0.0000;3;0;33.3333;0;0;0
CATALUNYA;CATALUNYA;2020-02-28;2020-03-05;Si;;;0.0000;0.0000;0;3.1567;2;0;0.0000;0;0;0
CATALUNYA;CATALUNYA;2020-02-28;2020-03-05;No;;;0.4975;0.4975;38;1.8724;143;0;5.6738;0;0;0
CATALUNYA;CATALUNYA;2020-02-28;2020-03-05;--;;;0.0000;0.0000;2;0.0000;3;0;33.3333;0;0;0
CATALUNYA;CATALUNYA;2020-02-27;2020-03-04;Si;;;0.0000;0.0000;0;3.1567;2;0;0.0000;0;0;0
CATALUNYA;CATALUNYA;2020-02-27;2020-03-04;No;;;0.2618;0.2618;20;1.3879;106;0;2.8302;0;0;0
CATALUNYA;CATALUNYA;2020-02-27;2020-03-04;--;;;0.0000;0.0000;2;0.0000;3;0;33.3333;0;0;0
CATALUNYA;CATALUNYA;2020-02-26;2020-03-03;No;;;0.1702;0.1702;13;1.0344;79;0;2.5316;0;0;0
CATALUNYA;CATALUNYA;2020-02-26;2020-03-03;--;;;0.0000;0.0000;2;0.0000;3;0;33.3333;0;0;0
CATALUNYA;CATALUNYA;2020-02-26;2020-03-03;Si;;;0.0000;0.0000;0;0.0000;0;0;0.0000;0;0;0
CATALUNYA;CATALUNYA;2020-02-25;2020-03-02;No;;;0.0654;0.0654;5;0.7070;54;0;3.7037;0;0;0
CATALUNYA;CATALUNYA;2020-02-25;2020-03-02;--;;;0.0000;0.0000;2;0.0000;3;0;33.3333;0;0;0
CATALUNYA;CATALUNYA;2020-02-25;2020-03-02;Si;;;0.0000;0.0000;0;0.0000;0;0;0.0000;0;0;0
CATALUNYA;CATALUNYA;2020-02-24;2020-03-01;--;;;0.0000;0.0000;1;0.0000;2;0;0.0000;0;0;0
CATALUNYA;CATALUNYA;2020-02-24;2020-03-01;Si;;;0.0000;0.0000;0;0.0000;0;0;0.0000;0;0;0
CATALUNYA;CATALUNYA;2020-02-24;2020-03-01;No;;;0.0130;0.0130;1;0.2618;20;0;0.0000;0;0;0
